Date,Open,High,Low,Close,% Change,% Change vs Average,Volume
2018-01-01T18:30:00.000Z,403.45,403.45,395,397.4,-0.56,-0.64,"13,22,980"
2018-01-02T18:30:00.000Z,398.1,410.9,397.45,407.65,2.58,2.51,"46,79,468"
2018-01-03T18:30:00.000Z,408.7,410.7,406.05,409.85,0.54,0.47,"19,90,506"
2018-01-04T18:30:00.000Z,411.9,426.95,410.2,423.8,3.4,3.33,"54,48,214"
2018-01-07T18:30:00.000Z,424,427.5,421.1,422.9,-0.21,-0.29,"34,47,843"
2018-01-08T18:30:00.000Z,422.9,425.55,419.2,421.1,-0.43,-0.5,"25,09,904"
2018-01-09T18:30:00.000Z,422,427.9,418.75,423.45,0.56,0.48,"42,53,925"
2018-01-10T18:30:00.000Z,423,430.65,421,425.5,0.48,0.41,"44,15,343"
2018-01-11T18:30:00.000Z,425.85,428.35,411.55,423.3,-0.52,-0.59,"25,81,486"
2018-01-14T18:30:00.000Z,425.55,427.9,419.5,420.6,-0.64,-0.71,"15,99,208"
2018-01-15T18:30:00.000Z,421.5,428.25,418.45,423.55,0.7,0.63,"23,18,100"
2018-01-16T18:30:00.000Z,424.25,436,422.75,433.4,2.33,2.25,"67,15,953"
2018-01-17T18:30:00.000Z,437.95,438.15,409.35,416.25,-3.96,-4.03,"87,94,103"
2018-01-18T18:30:00.000Z,418.8,435.45,418.8,433.45,4.13,4.06,"75,88,904"
2018-01-21T18:30:00.000Z,434,443.35,432.55,438.05,1.06,0.99,"70,92,514"
2018-01-22T18:30:00.000Z,438.05,442,433,438.4,0.08,0.01,"46,59,591"
2018-01-23T18:30:00.000Z,437,452.35,429.1,448.75,2.36,2.29,"52,01,505"
2018-01-24T18:30:00.000Z,450,450,434.8,436.5,-2.73,-2.8,"67,92,843"
2018-01-28T18:30:00.000Z,436.5,442.35,432,436.65,0.03,-0.04,"21,26,497"
2018-01-29T18:30:00.000Z,435,436.15,426.8,428.25,-1.92,-2,"23,89,618"
2018-01-30T18:30:00.000Z,428,435.5,424.5,428.85,0.14,0.07,"27,34,628"
2018-01-31T18:30:00.000Z,431,433,414.45,428.75,-0.02,-0.1,"16,81,704"
2018-02-01T18:30:00.000Z,424.5,426.2,412,417.95,-2.52,-2.59,"42,65,914"
2018-02-04T18:30:00.000Z,408,413,406.3,408.2,-2.33,-2.41,"29,36,554"
2018-02-05T18:30:00.000Z,395,410.35,387,404.8,-0.83,-0.91,"29,63,450"
2018-02-06T18:30:00.000Z,414.4,414.4,404.15,407,0.54,0.47,"25,92,845"
2018-02-07T18:30:00.000Z,408.25,416.15,401.1,405.1,-0.47,-0.54,"29,52,821"
2018-02-08T18:30:00.000Z,400,401.6,394,399,-1.51,-1.58,"29,36,187"
2018-02-11T18:30:00.000Z,403.75,406.15,400,403.35,1.09,1.02,"12,49,277"
2018-02-13T18:30:00.000Z,405,416.8,405,413,2.39,2.32,"30,01,847"
2018-02-14T18:30:00.000Z,421.5,424,409.55,411.7,-0.31,-0.39,"32,93,138"
2018-02-15T18:30:00.000Z,414,415.6,402.35,405.45,-1.52,-1.59,"17,40,283"
2018-02-18T18:30:00.000Z,407.5,407.5,388.65,393.85,-2.86,-2.93,"21,40,756"
2018-02-19T18:30:00.000Z,394,398,387.2,394.9,0.27,0.19,"20,45,167"
2018-02-20T18:30:00.000Z,396.5,398.75,389.75,395.6,0.18,0.1,"18,00,533"
2018-02-21T18:30:00.000Z,395,406.2,392.75,404,2.12,2.05,"47,26,021"
2018-02-22T18:30:00.000Z,405.1,409.25,402,406.5,0.62,0.55,"19,53,157"
2018-02-25T18:30:00.000Z,407.5,417,407.5,415.05,2.1,2.03,"22,99,169"
2018-02-26T18:30:00.000Z,417,417,409.65,410.45,-1.11,-1.18,"13,34,518"
2018-02-27T18:30:00.000Z,410,412.35,403.1,408.35,-0.51,-0.59,"28,23,115"
2018-02-28T18:30:00.000Z,408.35,413.75,405,406.1,-0.55,-0.62,"12,16,685"
2018-03-04T18:30:00.000Z,404.95,411.45,400.1,403.95,-0.53,-0.6,"36,65,892"
2018-03-05T18:30:00.000Z,406.7,413.75,395.15,405.25,0.32,0.25,"33,21,338"
2018-03-06T18:30:00.000Z,398.95,398.95,372.25,376.95,-6.98,-7.06,"69,51,930"
2018-03-07T18:30:00.000Z,379,393,369.7,387.95,2.92,2.84,"1,10,40,375"
2018-03-08T18:30:00.000Z,392,393.65,373.8,377.9,-2.59,-2.66,"53,52,078"
2018-03-11T18:30:00.000Z,382,389.2,377,386.6,2.3,2.23,"36,93,431"
2018-03-12T18:30:00.000Z,387,391.4,381.15,385.2,-0.36,-0.44,"21,75,696"
2018-03-13T18:30:00.000Z,383.1,384.75,376.85,382.1,-0.8,-0.88,"36,16,289"
2018-03-14T18:30:00.000Z,383.6,386.4,380.3,382.15,0.01,-0.06,"18,18,766"
2018-03-15T18:30:00.000Z,377.9,382.25,367.45,370.5,-3.05,-3.12,"49,72,566"
2018-03-18T18:30:00.000Z,370,371.5,355.25,364.3,-1.67,-1.75,"52,53,759"
2018-03-19T18:30:00.000Z,364.3,371.8,360.15,370,1.56,1.49,"17,80,257"
2018-03-20T18:30:00.000Z,372.9,373.75,362.3,363.7,-1.7,-1.78,"22,96,120"
2018-03-21T18:30:00.000Z,365,365,354.1,358.25,-1.5,-1.57,"34,43,184"
2018-03-22T18:30:00.000Z,355,367,350.45,362.4,1.16,1.08,"45,18,979"
2018-03-25T18:30:00.000Z,364.4,368.7,351.5,365.15,0.76,0.69,"38,84,338"
2018-03-26T18:30:00.000Z,368.15,369.4,361.9,365.5,0.1,0.02,"26,31,162"
2018-03-27T18:30:00.000Z,364.5,364.5,351.05,354.1,-3.12,-3.19,"47,66,456"
2018-04-01T18:30:00.000Z,356,371.9,356,369.7,4.41,4.33,"29,78,988"
2018-04-02T18:30:00.000Z,368.5,371,362.7,366.4,-0.89,-0.97,"26,79,172"
2018-04-03T18:30:00.000Z,368,373.7,363.75,367.8,0.38,0.31,"56,11,445"
2018-04-04T18:30:00.000Z,372,379.8,371.5,375.95,2.22,2.14,"36,48,555"
2018-04-05T18:30:00.000Z,378.45,383.6,374.65,379.3,0.89,0.82,"20,37,081"
2018-04-08T18:30:00.000Z,380.65,382.8,376.35,377.35,-0.51,-0.59,"15,71,745"
2018-04-09T18:30:00.000Z,379,390.5,378.6,387.25,2.62,2.55,"34,93,681"
2018-04-10T18:30:00.000Z,388,388.15,375.5,377.9,-2.41,-2.49,"20,45,552"
2018-04-11T18:30:00.000Z,378,378.75,369.25,372.35,-1.47,-1.54,"36,09,657"
2018-04-12T18:30:00.000Z,375.8,386.9,372.35,383.1,2.89,2.81,"64,85,732"
2018-04-15T18:30:00.000Z,381.75,389,379.25,387.5,1.15,1.08,"26,82,231"
2018-04-16T18:30:00.000Z,391.5,393.95,382,383.4,-1.06,-1.13,"37,70,554"
2018-04-17T18:30:00.000Z,385.25,387.7,380.2,384.95,0.4,0.33,"25,68,988"
2018-04-18T18:30:00.000Z,387.3,390.7,383.45,386.55,0.42,0.34,"28,48,405"
2018-04-19T18:30:00.000Z,386,387.25,378.95,381.15,-1.4,-1.47,"21,78,241"
2018-04-22T18:30:00.000Z,381.45,389.55,375.55,386.35,1.36,1.29,"36,14,484"
2018-04-23T18:30:00.000Z,387.25,394.5,387.1,392.25,1.53,1.45,"30,93,161"
2018-04-24T18:30:00.000Z,394,397.45,390.2,391.9,-0.09,-0.16,"32,05,946"
2018-04-25T18:30:00.000Z,388.65,398.5,388.1,397.1,1.33,1.25,"36,63,748"
2018-04-26T18:30:00.000Z,398.3,405.9,398.3,402.45,1.35,1.27,"82,10,865"
2018-04-29T18:30:00.000Z,405.8,411.3,402.4,407.3,1.21,1.13,"22,64,144"
2018-05-01T18:30:00.000Z,408,411.2,397.3,401.1,-1.52,-1.6,"30,47,308"
2018-05-02T18:30:00.000Z,399.7,406.3,393.55,397,-1.02,-1.1,"31,61,687"
2018-05-03T18:30:00.000Z,401.95,409.6,391.3,408.25,2.83,2.76,"47,82,981"
2018-05-06T18:30:00.000Z,410,414.3,405.95,412.4,1.02,0.94,"25,82,072"
2018-05-07T18:30:00.000Z,413.1,415.65,410.1,412.8,0.1,0.02,"19,45,992"
2018-05-08T18:30:00.000Z,412.1,415.3,409.6,413.35,0.13,0.06,"14,08,466"
2018-05-09T18:30:00.000Z,413.85,414.4,409.1,410.8,-0.62,-0.69,"15,52,936"
2018-05-10T18:30:00.000Z,412.35,414.5,410.85,412.7,0.46,0.39,"14,42,596"
2018-05-13T18:30:00.000Z,413.95,414,407.4,409.95,-0.67,-0.74,"55,17,825"
2018-05-14T18:30:00.000Z,399,412,397.4,409.15,-0.2,-0.27,"30,89,340"
2018-05-15T18:30:00.000Z,407.75,409.75,400.25,403.1,-1.48,-1.55,"18,97,907"
2018-05-16T18:30:00.000Z,404,405.5,395.6,397.9,-1.29,-1.36,"16,14,257"
2018-05-17T18:30:00.000Z,396.15,397.1,384.05,389.5,-2.11,-2.18,"38,95,361"
2018-05-20T18:30:00.000Z,389.35,392.55,381.5,383.7,-1.49,-1.56,"15,44,488"
2018-05-21T18:30:00.000Z,382.7,389.05,377.75,379.75,-1.03,-1.1,"18,61,819"
2018-05-22T18:30:00.000Z,379.8,383.1,373.5,374.25,-1.45,-1.52,"15,60,605"
2018-05-23T18:30:00.000Z,374.95,378.6,364.7,371.25,-0.8,-0.88,"32,99,522"
2018-05-24T18:30:00.000Z,371.5,382,366.5,379.9,2.33,2.26,"23,72,618"
2018-05-27T18:30:00.000Z,382.5,383.45,376.2,378.9,-0.26,-0.34,"18,07,896"
2018-05-28T18:30:00.000Z,379.8,383.85,373.2,377.85,-0.28,-0.35,"33,94,813"
2018-05-29T18:30:00.000Z,374,378.95,370,374.4,-0.91,-0.99,"31,10,433"
2018-05-30T18:30:00.000Z,375.5,397.6,369.25,392.15,4.74,4.67,"1,11,33,305"
2018-05-31T18:30:00.000Z,394.1,395.4,382.3,387.6,-1.16,-1.23,"32,19,572"
2018-06-03T18:30:00.000Z,388,388.95,376.05,378.55,-2.33,-2.41,"24,81,566"
2018-06-04T18:30:00.000Z,378.75,379.35,371.5,373.6,-1.31,-1.38,"27,67,220"
2018-06-05T18:30:00.000Z,374,377.5,373.35,375.8,0.59,0.52,"39,27,114"
2018-06-06T18:30:00.000Z,378,384.8,376.55,380.05,1.13,1.06,"17,70,108"
2018-06-07T18:30:00.000Z,381,382.75,375.1,380.5,0.12,0.04,"12,32,441"
2018-06-10T18:30:00.000Z,384,387.7,380.1,382.3,0.47,0.4,"20,30,226"
2018-06-11T18:30:00.000Z,384,390.75,382.35,388.9,1.73,1.65,"19,20,763"
2018-06-12T18:30:00.000Z,391.15,392,381.6,382.85,-1.56,-1.63,"25,29,140"
2018-06-13T18:30:00.000Z,383.65,383.65,372.05,374.45,-2.19,-2.27,"23,98,168"
2018-06-14T18:30:00.000Z,369.8,375.9,369.8,372.95,-0.4,-0.47,"72,78,768"
2018-06-17T18:30:00.000Z,373,375.75,369.2,370.55,-0.64,-0.72,"9,66,982"
2018-06-18T18:30:00.000Z,369.55,371.7,361.4,362.45,-2.19,-2.26,"30,37,612"
2018-06-19T18:30:00.000Z,363,366.75,357.2,365.65,0.88,0.81,"41,12,085"
2018-06-20T18:30:00.000Z,369,374.8,365.95,366.9,0.34,0.27,"48,44,094"
2018-06-21T18:30:00.000Z,364.9,367.35,361.2,365.8,-0.3,-0.37,"29,82,451"
2018-06-24T18:30:00.000Z,366,367.75,359.05,361.15,-1.27,-1.34,"17,16,838"
2018-06-25T18:30:00.000Z,361,366.55,356.4,362.9,0.48,0.41,"19,97,309"
2018-06-26T18:30:00.000Z,362,365.05,355.15,361.1,-0.5,-0.57,"31,86,106"
2018-06-27T18:30:00.000Z,359.7,364.45,358.15,361.8,0.19,0.12,"96,27,099"
2018-06-28T18:30:00.000Z,364.45,377.4,359.05,373.15,3.14,3.06,"32,41,005"
2018-07-01T18:30:00.000Z,371,373.9,359.15,362.8,-2.77,-2.85,"17,32,427"
2018-07-02T18:30:00.000Z,362.5,365.45,360.25,362.75,-0.01,-0.09,"14,88,048"
2018-07-03T18:30:00.000Z,362.95,363.5,355.95,359.95,-0.77,-0.85,"16,16,705"
2018-07-04T18:30:00.000Z,361.35,363.4,355.6,361.9,0.54,0.47,"15,26,982"
2018-07-05T18:30:00.000Z,361.9,370.9,358.35,365.75,1.06,0.99,"15,49,142"
2018-07-08T18:30:00.000Z,367,369.9,365.6,366.95,0.33,0.25,"10,50,376"
2018-07-09T18:30:00.000Z,367.55,375.3,367.55,370.45,0.95,0.88,"16,56,692"
2018-07-10T18:30:00.000Z,369.9,378.3,368,373.5,0.82,0.75,"24,80,112"
2018-07-11T18:30:00.000Z,374.4,375.7,368.6,369.35,-1.11,-1.18,"14,58,875"
2018-07-12T18:30:00.000Z,374,377.3,367.5,370.4,0.28,0.21,"30,06,407"
2018-07-15T18:30:00.000Z,370.5,372.3,358.5,360.05,-2.79,-2.87,"13,40,324"
2018-07-16T18:30:00.000Z,361.1,369.2,360.8,366.7,1.85,1.77,"17,75,116"
2018-07-17T18:30:00.000Z,365.85,375.4,361.75,364.05,-0.72,-0.8,"20,65,237"
2018-07-18T18:30:00.000Z,366.4,371,364.1,369.6,1.52,1.45,"15,37,925"
2018-07-19T18:30:00.000Z,369.6,376.9,366.9,370.05,0.12,0.05,"18,86,770"
2018-07-22T18:30:00.000Z,370.2,385,370,383.75,3.7,3.63,"25,17,823"
2018-07-23T18:30:00.000Z,385.4,394.3,382.75,392.6,2.31,2.23,"39,37,762"
2018-07-24T18:30:00.000Z,392.5,401.45,391.2,398.75,1.57,1.49,"43,08,866"
2018-07-25T18:30:00.000Z,395.8,402,394.7,399.3,0.14,0.06,"23,88,169"
2018-07-26T18:30:00.000Z,402.45,402.45,391.15,394.65,-1.16,-1.24,"29,66,414"
2018-07-29T18:30:00.000Z,395,397.5,387.65,390.8,-0.98,-1.05,"16,49,794"
2018-07-30T18:30:00.000Z,389.75,401.5,386.15,399.75,2.29,2.22,"25,02,908"
2018-07-31T18:30:00.000Z,402.95,402.95,395.05,399,-0.19,-0.26,"17,74,615"
2018-08-01T18:30:00.000Z,397.6,404.6,394,399.15,0.04,-0.04,"29,66,243"
2018-08-02T18:30:00.000Z,399.05,403.5,398.15,399.55,0.1,0.03,"16,32,617"
2018-08-05T18:30:00.000Z,403.5,406.4,395.3,397.35,-0.55,-0.62,"28,17,990"
2018-08-06T18:30:00.000Z,393.5,394.45,369.2,372.3,-6.3,-6.38,"96,35,717"
2018-08-07T18:30:00.000Z,375,376.55,369.65,374.6,0.62,0.54,"32,76,532"
2018-08-08T18:30:00.000Z,376,381,371.55,378,0.91,0.83,"19,92,284"
2018-08-09T18:30:00.000Z,377.3,382.1,376,379.3,0.34,0.27,"11,42,258"
2018-08-12T18:30:00.000Z,378,379.6,374.65,377.15,-0.57,-0.64,"14,38,549"
2018-08-13T18:30:00.000Z,377.55,378.7,371,373.15,-1.06,-1.13,"15,01,909"
2018-08-15T18:30:00.000Z,372,374.1,367.3,370.3,-0.76,-0.84,"23,76,448"
2018-08-16T18:30:00.000Z,371,379.1,371,374.1,1.03,0.95,"19,83,257"
2018-08-19T18:30:00.000Z,376.4,379.5,374.15,378.25,1.11,1.04,"12,80,487"
2018-08-20T18:30:00.000Z,378.55,382,375.4,377.95,-0.08,-0.15,"15,92,878"
2018-08-22T18:30:00.000Z,379.7,385.6,372.5,384.5,1.73,1.66,"20,12,760"
2018-08-23T18:30:00.000Z,385,387.8,375,376.75,-2.02,-2.09,"20,85,488"
2018-08-26T18:30:00.000Z,378,382.3,375.55,378.65,0.5,0.43,"20,55,581"
2018-08-27T18:30:00.000Z,380.4,388.4,376.15,386.95,2.19,2.12,"51,28,415"
2018-08-28T18:30:00.000Z,383.25,393.3,383.25,385.9,-0.27,-0.34,"32,34,342"
2018-08-29T18:30:00.000Z,386.2,389.2,380.1,383.75,-0.56,-0.63,"35,66,612"
2018-08-30T18:30:00.000Z,384,394,381.2,383.15,-0.16,-0.23,"39,31,829"
2018-09-02T18:30:00.000Z,384,392.95,378.45,384.45,0.34,0.27,"27,44,322"
2018-09-03T18:30:00.000Z,384.55,386.95,372.45,373.75,-2.78,-2.86,"29,60,605"
2018-09-04T18:30:00.000Z,374.3,380.5,368.5,379.2,1.46,1.38,"22,76,777"
2018-09-05T18:30:00.000Z,381.5,387.5,374.65,384.8,1.48,1.4,"18,20,623"
2018-09-06T18:30:00.000Z,383.05,385.6,375.65,377.45,-1.91,-1.98,"18,59,785"
2018-09-09T18:30:00.000Z,375.65,382.95,370.6,371.95,-1.46,-1.53,"31,29,554"
2018-09-10T18:30:00.000Z,373.9,377.85,363,364.65,-1.96,-2.04,"24,52,935"
2018-09-11T18:30:00.000Z,366.7,377.45,364.8,376.05,3.13,3.05,"37,11,887"
2018-09-13T18:30:00.000Z,376.8,385.9,376.1,380.1,1.08,1,"29,37,705"
2018-09-16T18:30:00.000Z,377.3,384,376.3,380.8,0.18,0.11,"14,01,771"
2018-09-17T18:30:00.000Z,383.6,388,377.1,379.55,-0.33,-0.4,"26,92,099"
2018-09-18T18:30:00.000Z,382,382.1,371,372.4,-1.88,-1.96,"21,21,141"
2018-09-20T18:30:00.000Z,373.05,379.75,316.55,361.75,-2.86,-2.93,"32,41,191"
2018-09-23T18:30:00.000Z,364.35,366,338.5,345.85,-4.4,-4.47,"34,15,863"
2018-09-24T18:30:00.000Z,345.1,349.45,324.3,337.95,-2.28,-2.36,"50,28,005"
2018-09-25T18:30:00.000Z,340.5,344.9,330.6,338.55,0.18,0.1,"34,24,347"
2018-09-26T18:30:00.000Z,338.55,344.95,330.15,335.25,-0.97,-1.05,"48,96,009"
2018-09-27T18:30:00.000Z,335.25,341,326.5,328.9,-1.89,-1.97,"46,53,499"
2018-09-30T18:30:00.000Z,328,334.4,320,330.35,0.44,0.37,"41,59,563"
2018-10-02T18:30:00.000Z,327.3,338,326.4,329.75,-0.18,-0.26,"44,38,442"
2018-10-03T18:30:00.000Z,324.7,329.4,314,317.05,-3.85,-3.92,"45,08,937"
2018-10-04T18:30:00.000Z,317.1,318.4,298,301.8,-4.81,-4.88,"71,77,862"
2018-10-07T18:30:00.000Z,301.8,305.6,294.1,304.35,0.84,0.77,"59,15,306"
2018-10-08T18:30:00.000Z,304,324,302.5,318.75,4.73,4.66,"57,71,005"
2018-10-09T18:30:00.000Z,318.7,332.9,316,327.1,2.62,2.55,"27,34,052"
2018-10-10T18:30:00.000Z,320,324.85,311.1,313.5,-4.16,-4.23,"27,39,752"
2018-10-11T18:30:00.000Z,317,327.85,317,323.15,3.08,3,"24,28,109"
2018-10-14T18:30:00.000Z,326,326.4,315.15,321.25,-0.59,-0.66,"19,25,052"
2018-10-15T18:30:00.000Z,323.4,335.8,321.9,333.35,3.77,3.69,"47,64,262"
2018-10-16T18:30:00.000Z,337.5,339.3,309.6,313.9,-5.83,-5.91,"33,23,311"
2018-10-18T18:30:00.000Z,313.95,320.25,305.35,315.35,0.46,0.39,"27,31,598"
2018-10-21T18:30:00.000Z,318.7,324.9,308.95,315.4,0.02,-0.06,"46,06,057"
2018-10-22T18:30:00.000Z,317.35,320.7,311,319,1.14,1.07,"38,93,139"
2018-10-23T18:30:00.000Z,325,329.4,307.4,314.15,-1.52,-1.59,"76,75,048"
2018-10-24T18:30:00.000Z,311.9,312.9,298.7,305.6,-2.72,-2.8,"45,84,103"
2018-10-25T18:30:00.000Z,307,310.55,301.45,304.1,-0.49,-0.56,"47,04,344"
2018-10-28T18:30:00.000Z,305.1,327.95,303,326.4,7.33,7.26,"53,79,930"
2018-10-29T18:30:00.000Z,324,335.4,320,322.6,-1.16,-1.24,"43,01,781"
2018-10-30T18:30:00.000Z,324.6,324.95,313.25,318.85,-1.16,-1.24,"63,83,757"
2018-10-31T18:30:00.000Z,322.7,326.6,313.9,318.3,-0.17,-0.25,"51,67,082"
2018-11-01T18:30:00.000Z,321.7,340.15,319.4,333.6,4.81,4.73,"73,87,791"
2018-11-04T18:30:00.000Z,334.45,334.45,326.7,329.55,-1.21,-1.29,"30,85,488"
2018-11-05T18:30:00.000Z,331,337.45,323.15,325.6,-1.2,-1.27,"50,44,028"
2018-11-06T18:30:00.000Z,329,329,324.35,326.2,0.18,0.11,"3,01,934"
2018-11-08T18:30:00.000Z,328,338.85,326.15,337.6,3.49,3.42,"35,22,988"
2018-11-11T18:30:00.000Z,339,344.7,327.3,328.65,-2.65,-2.72,"35,73,699"
2018-11-12T18:30:00.000Z,327.65,335,324.7,334.1,1.66,1.58,"17,38,296"
2018-11-13T18:30:00.000Z,335.3,337,329.5,332,-0.63,-0.7,"29,81,090"
2018-11-14T18:30:00.000Z,334,347.85,330,346.2,4.28,4.2,"52,93,256"
2018-11-15T18:30:00.000Z,346,351.4,342,347.45,0.36,0.29,"36,19,678"
2018-11-18T18:30:00.000Z,348.2,352,342.4,350.55,0.89,0.82,"23,21,979"
2018-11-19T18:30:00.000Z,349.85,357.55,347,355.25,1.34,1.27,"57,78,336"
2018-11-20T18:30:00.000Z,355.25,362.85,352.55,361.25,1.69,1.62,"31,61,864"
2018-11-21T18:30:00.000Z,359.35,370.9,359.35,368.15,1.91,1.84,"44,46,824"
2018-11-25T18:30:00.000Z,368.45,370.4,356,369.05,0.24,0.17,"39,06,643"
2018-11-26T18:30:00.000Z,368.45,373,363.2,369.05,0,-0.07,"49,95,025"
2018-11-27T18:30:00.000Z,368.2,369,362.25,365.4,-0.99,-1.06,"25,83,045"
2018-11-28T18:30:00.000Z,366.5,371.35,363.2,369.8,1.2,1.13,"34,25,961"
2018-11-29T18:30:00.000Z,369.8,374.6,363.6,365.65,-1.12,-1.2,"41,37,466"
2018-12-02T18:30:00.000Z,367.45,379.9,365,375.65,2.73,2.66,"43,03,979"
2018-12-03T18:30:00.000Z,374.45,375.65,370.65,373.8,-0.49,-0.57,"26,15,507"
2018-12-04T18:30:00.000Z,375,376.75,372.7,374.75,0.25,0.18,"48,47,267"
2018-12-05T18:30:00.000Z,372.9,375.3,362.6,363.95,-2.88,-2.96,"62,00,377"
2018-12-06T18:30:00.000Z,364.8,374.6,363.75,373.45,2.61,2.54,"32,86,454"
2018-12-09T18:30:00.000Z,360.1,365.5,357.6,359.15,-3.83,-3.9,"29,17,295"
2018-12-10T18:30:00.000Z,347,363.55,347,355.75,-0.95,-1.02,"61,77,739"
2018-12-11T18:30:00.000Z,357,376.15,355.55,374.45,5.26,5.18,"28,45,017"
2018-12-12T18:30:00.000Z,374.9,376.45,370,371.05,-0.91,-0.98,"23,69,770"
2018-12-13T18:30:00.000Z,370,371.15,367,368.6,-0.66,-0.73,"23,80,991"
2018-12-16T18:30:00.000Z,369.15,377.6,369.15,371.4,0.76,0.69,"31,75,781"
2018-12-17T18:30:00.000Z,369,374.35,365,372.9,0.4,0.33,"26,87,027"
2018-12-18T18:30:00.000Z,373.9,377.35,372,375.85,0.79,0.72,"16,07,147"
2018-12-19T18:30:00.000Z,374.2,376.85,369,375.15,-0.19,-0.26,"27,46,343"
2018-12-20T18:30:00.000Z,374.3,379.5,359.15,361.1,-3.75,-3.82,"1,09,09,545"
2018-12-23T18:30:00.000Z,361.25,366.75,358.3,361.1,0,-0.07,"22,68,806"
2018-12-25T18:30:00.000Z,360.2,378.5,357.5,376.55,4.28,4.21,"45,19,020"
2018-12-26T18:30:00.000Z,379.25,385.8,373.65,384,1.98,1.91,"50,43,675"
2018-12-27T18:30:00.000Z,384.95,390.75,384,387.4,0.89,0.81,"32,82,766"
2018-12-30T18:30:00.000Z,387.2,389.95,385.65,387.7,0.08,0,"20,62,181"
2018-12-31T18:30:00.000Z,386.3,390.9,384.05,389,0.34,0.26,"12,33,249"
2019-01-01T18:30:00.000Z,388,388.95,378,381.3,-1.98,-2.05,"15,06,543"
2019-01-02T18:30:00.000Z,382.4,385.3,376.6,378.1,-0.84,-0.91,"19,02,063"
2019-01-03T18:30:00.000Z,378.65,383.95,375.85,382.15,1.07,1,"16,69,709"
2019-01-06T18:30:00.000Z,385,386.95,379.35,381.65,-0.13,-0.2,"12,60,331"
2019-01-07T18:30:00.000Z,383,383,375.75,378.75,-0.76,-0.83,"21,54,121"
2019-01-08T18:30:00.000Z,382,382,373.3,377.3,-0.38,-0.46,"11,66,498"
2019-01-09T18:30:00.000Z,377.95,381.8,376.95,380.25,0.78,0.71,"12,86,641"
2019-01-10T18:30:00.000Z,380.3,381,375.1,377.15,-0.82,-0.89,"18,29,555"
2019-01-13T18:30:00.000Z,377,377,372.4,374.45,-0.72,-0.79,"9,27,301"
2019-01-14T18:30:00.000Z,375,386,375,385.15,2.86,2.78,"19,65,520"
2019-01-15T18:30:00.000Z,385.3,390.7,379.2,389.3,1.08,1,"28,47,403"
2019-01-16T18:30:00.000Z,391.2,395.45,386.5,394.5,1.34,1.26,"41,56,932"
2019-01-17T18:30:00.000Z,396.5,399.95,392.25,399.3,1.22,1.14,"36,17,922"
2019-01-20T18:30:00.000Z,397.5,402.7,392.1,396.2,-0.78,-0.85,"25,63,705"
2019-01-21T18:30:00.000Z,393.4,394.7,387.1,390.6,-1.41,-1.49,"33,28,908"
2019-01-22T18:30:00.000Z,390,392,383.6,385.2,-1.38,-1.46,"36,53,992"
2019-01-23T18:30:00.000Z,386,386.5,377.6,380.95,-1.1,-1.18,"36,33,336"
2019-01-24T18:30:00.000Z,382.5,383.75,372.25,373.85,-1.86,-1.94,"47,60,625"
2019-01-27T18:30:00.000Z,374.95,375.35,292.1,326.1,-12.77,-12.85,"1,51,77,384"
2019-01-28T18:30:00.000Z,330,354.6,327.6,349.25,7.1,7.03,"98,16,333"
2019-01-29T18:30:00.000Z,349.05,349.05,335.6,338.15,-3.18,-3.25,"76,72,859"
2019-01-30T18:30:00.000Z,339.9,341.7,330.2,338.65,0.15,0.07,"64,03,921"
2019-01-31T18:30:00.000Z,339.9,346.8,333.35,338.45,-0.06,-0.13,"31,19,675"
2019-02-03T18:30:00.000Z,337.25,338.8,329.05,335.65,-0.83,-0.9,"45,17,829"
2019-02-04T18:30:00.000Z,333.1,340.95,330.75,339.8,1.24,1.16,"32,62,960"
2019-02-05T18:30:00.000Z,338.8,341.8,318.85,330.35,-2.78,-2.85,"66,87,853"
2019-02-06T18:30:00.000Z,330.55,336.35,322.6,332.35,0.61,0.53,"48,71,712"
2019-02-07T18:30:00.000Z,333,336.5,328,331.5,-0.26,-0.33,"29,15,806"
2019-02-10T18:30:00.000Z,332.95,333.95,318.4,328.8,-0.81,-0.89,"37,83,848"
2019-02-11T18:30:00.000Z,328.8,329.95,323.25,326.8,-0.61,-0.68,"44,96,913"
2019-02-12T18:30:00.000Z,328.15,349.45,328.15,341.65,4.54,4.47,"1,78,52,712"
2019-02-13T18:30:00.000Z,342,352.2,340.05,349.1,2.18,2.11,"66,12,759"
2019-02-14T18:30:00.000Z,347.55,352.9,347.3,350.15,0.3,0.23,"77,28,519"
2019-02-17T18:30:00.000Z,348,352.9,345.55,347.3,-0.81,-0.89,"68,75,440"
2019-02-18T18:30:00.000Z,347.5,348.5,337.55,339.55,-2.23,-2.3,"33,00,497"
2019-02-19T18:30:00.000Z,342,356.35,340.95,354.75,4.48,4.4,"48,85,571"
2019-02-20T18:30:00.000Z,352.1,359.25,350.8,355.75,0.28,0.21,"40,89,677"
2019-02-21T18:30:00.000Z,353.55,358.6,352.7,354.3,-0.41,-0.48,"17,19,606"
2019-02-24T18:30:00.000Z,329,339.55,320.6,324.55,-8.4,-8.47,"2,17,95,407"
2019-02-25T18:30:00.000Z,324,326.5,315.75,323.5,-0.32,-0.4,"1,42,43,781"
2019-02-26T18:30:00.000Z,326.55,332.3,322.6,325.25,0.54,0.47,"57,38,757"
2019-02-27T18:30:00.000Z,328.7,329.7,325.15,325.85,0.18,0.11,"50,59,506"
2019-02-28T18:30:00.000Z,328.8,334.8,327,333.2,2.26,2.18,"47,56,894"
2019-03-04T18:30:00.000Z,333.25,340.5,330.5,339.25,1.82,1.74,"50,98,498"
2019-03-05T18:30:00.000Z,342.5,349.2,334.05,337.05,-0.65,-0.72,"79,49,482"
2019-03-06T18:30:00.000Z,338,342.5,335,340.9,1.14,1.07,"30,47,318"
2019-03-07T18:30:00.000Z,340.9,342.95,338.1,342.15,0.37,0.29,"22,65,000"
2019-03-10T18:30:00.000Z,343.2,352.9,342.15,351.3,2.67,2.6,"29,18,059"
2019-03-11T18:30:00.000Z,352.55,365.15,351.6,361.05,2.78,2.7,"53,86,817"
2019-03-12T18:30:00.000Z,361.45,369.4,357.8,367.15,1.69,1.62,"38,88,377"
2019-03-13T18:30:00.000Z,367,369.2,360.2,366,-0.31,-0.39,"17,75,804"
2019-03-14T18:30:00.000Z,366.25,368.95,361.5,367.1,0.3,0.23,"30,57,825"
2019-03-17T18:30:00.000Z,365.05,375.8,365.05,369,0.52,0.44,"30,37,029"
2019-03-18T18:30:00.000Z,370,372,362.5,365.75,-0.88,-0.95,"19,33,040"
2019-03-19T18:30:00.000Z,367,367.55,359.5,360.6,-1.41,-1.48,"29,25,322"
2019-03-21T18:30:00.000Z,359.6,362,355.3,360.75,0.04,-0.03,"32,29,387"
2019-03-24T18:30:00.000Z,358.9,363,353.15,361.35,0.17,0.09,"31,62,063"
2019-03-25T18:30:00.000Z,361.35,369.85,361.35,368.6,2.01,1.93,"26,57,710"
2019-03-26T18:30:00.000Z,367.2,371.7,364.2,366.3,-0.62,-0.7,"29,65,654"
2019-03-27T18:30:00.000Z,368.85,382.65,366.3,381.3,4.1,4.02,"59,09,606"
2019-03-28T18:30:00.000Z,383.3,385.9,375.5,378.15,-0.83,-0.9,"41,26,878"
2019-03-31T18:30:00.000Z,380.95,386.5,378.8,383.05,1.3,1.22,"24,79,521"
2019-04-01T18:30:00.000Z,383,386,377.5,379.7,-0.87,-0.95,"18,25,681"
2019-04-02T18:30:00.000Z,380.3,386.3,380,382,0.61,0.53,"27,01,443"
2019-04-03T18:30:00.000Z,382,382.05,374.7,380.2,-0.47,-0.54,"19,09,852"
2019-04-04T18:30:00.000Z,379,388.9,377.4,387.15,1.83,1.75,"24,43,633"
2019-04-07T18:30:00.000Z,388.3,388.3,375.15,379.9,-1.87,-1.95,"26,24,528"
2019-04-08T18:30:00.000Z,379.75,381.6,373,380.7,0.21,0.14,"15,42,463"
2019-04-09T18:30:00.000Z,378.4,385.4,375.2,383.45,0.72,0.65,"20,67,637"
2019-04-10T18:30:00.000Z,382.5,383,377.5,379.45,-1.04,-1.12,"16,21,369"
2019-04-11T18:30:00.000Z,379.2,387,377.3,385.65,1.63,1.56,"21,46,541"
2019-04-14T18:30:00.000Z,385,389,382.75,387.05,0.36,0.29,"20,70,828"
2019-04-15T18:30:00.000Z,387.05,396.55,386.1,395.65,2.22,2.15,"37,28,013"
2019-04-17T18:30:00.000Z,395,395.5,388.9,390.55,-1.29,-1.36,"32,18,018"
2019-04-21T18:30:00.000Z,388.4,391.8,384.25,391.05,0.13,0.05,"22,79,282"
2019-04-22T18:30:00.000Z,389.55,391.7,385.55,390.9,-0.04,-0.11,"24,24,827"
2019-04-23T18:30:00.000Z,387.7,394,386.1,391.75,0.22,0.14,"16,74,322"
2019-04-24T18:30:00.000Z,390,392.9,387.65,389.25,-0.64,-0.71,"51,63,069"
2019-04-25T18:30:00.000Z,387.3,393.7,385.65,391.75,0.64,0.57,"16,81,376"
2019-04-29T18:30:00.000Z,391.15,393.95,384.8,392.8,0.27,0.19,"25,02,107"
2019-05-01T18:30:00.000Z,392.8,397,390.15,395.3,0.64,0.56,"21,39,442"
2019-05-02T18:30:00.000Z,393,398.4,385.05,387.25,-2.04,-2.11,"18,63,548"
2019-05-05T18:30:00.000Z,386,386.05,378.45,379.8,-1.92,-2,"16,48,057"
2019-05-06T18:30:00.000Z,381,383.95,370.1,371.9,-2.08,-2.15,"16,28,805"
2019-05-07T18:30:00.000Z,370.05,374.9,367.7,369.8,-0.56,-0.64,"16,88,110"
2019-05-08T18:30:00.000Z,369.9,370.7,361.1,363.9,-1.6,-1.67,"13,15,271"
2019-05-09T18:30:00.000Z,363.9,378.7,363.9,372.55,2.38,2.3,"30,30,255"
2019-05-12T18:30:00.000Z,369.9,372.3,362.95,364.75,-2.09,-2.17,"15,20,562"
2019-05-13T18:30:00.000Z,362.9,373.8,362,370.55,1.59,1.52,"30,50,760"
2019-05-14T18:30:00.000Z,371,375,359.1,360.15,-2.81,-2.88,"24,99,138"
2019-05-15T18:30:00.000Z,361,374,361,371.5,3.15,3.08,"31,57,194"
2019-05-16T18:30:00.000Z,368.8,372.8,362,367.1,-1.18,-1.26,"30,59,404"
2019-05-19T18:30:00.000Z,388.5,408.2,376.05,400.1,8.99,8.92,"1,09,73,781"
2019-05-20T18:30:00.000Z,409,411.4,385.3,387.6,-3.12,-3.2,"91,15,899"
2019-05-21T18:30:00.000Z,389,393.45,378.4,385.95,-0.43,-0.5,"45,43,570"
2019-05-22T18:30:00.000Z,398.95,430.6,392.15,407.55,5.6,5.52,"2,30,21,274"
2019-05-23T18:30:00.000Z,408.45,414.85,399.5,410.25,0.66,0.59,"92,72,570"
2019-05-26T18:30:00.000Z,409.25,417.3,405.6,412.4,0.52,0.45,"50,88,602"
2019-05-27T18:30:00.000Z,420,426.8,408.7,412.65,0.06,-0.01,"1,82,96,760"
2019-05-28T18:30:00.000Z,412.3,412.95,404.3,406.55,-1.48,-1.55,"25,11,011"
2019-05-29T18:30:00.000Z,406.55,411.8,401.6,409.3,0.68,0.6,"55,98,272"
2019-05-30T18:30:00.000Z,408.8,417.7,407.35,416.4,1.73,1.66,"42,17,665"
2019-06-02T18:30:00.000Z,416.4,426.35,412.1,424.75,2.01,1.93,"38,52,273"
2019-06-03T18:30:00.000Z,423.4,429.85,417.4,425.55,0.19,0.11,"76,83,485"
2019-06-05T18:30:00.000Z,428.15,429.5,420.8,426.3,0.18,0.1,"48,48,580"
2019-06-06T18:30:00.000Z,426.3,427.4,419.45,425.2,-0.26,-0.33,"26,48,848"
2019-06-09T18:30:00.000Z,424.1,429.5,420.6,425.75,0.13,0.06,"23,74,282"
2019-06-10T18:30:00.000Z,424.7,427.8,423.15,426.3,0.13,0.06,"17,07,108"
2019-06-11T18:30:00.000Z,425.25,429.4,423,424.95,-0.32,-0.39,"23,29,686"
2019-06-12T18:30:00.000Z,424,426.3,422.5,424.95,0,-0.07,"29,25,612"
2019-06-13T18:30:00.000Z,424.95,428.15,423.75,426.4,0.34,0.27,"27,45,328"
2019-06-16T18:30:00.000Z,426,426.35,422.1,422.85,-0.83,-0.91,"27,36,051"
2019-06-17T18:30:00.000Z,424.9,425.7,418.6,421.4,-0.34,-0.42,"35,09,487"
2019-06-18T18:30:00.000Z,423.5,424.85,400.7,407.7,-3.25,-3.32,"59,38,743"
2019-06-19T18:30:00.000Z,397.95,412.6,389.7,401.2,-1.59,-1.67,"83,83,317"
2019-06-20T18:30:00.000Z,402.15,407.65,397.65,402,0.2,0.13,"47,10,025"
2019-06-23T18:30:00.000Z,400,407.4,399.8,406,1,0.92,"25,82,740"
2019-06-24T18:30:00.000Z,404,407.2,402.65,405.65,-0.09,-0.16,"20,99,347"
2019-06-25T18:30:00.000Z,405.4,417.6,404,414.95,2.29,2.22,"33,27,963"
2019-06-26T18:30:00.000Z,415.25,418.3,404.7,406.5,-2.04,-2.11,"88,41,636"
2019-06-27T18:30:00.000Z,408.7,413.35,407,410.2,0.91,0.84,"21,48,799"
2019-06-30T18:30:00.000Z,412,414,408.5,413.25,0.74,0.67,"14,57,022"
2019-07-01T18:30:00.000Z,413,416.45,409.4,414.05,0.19,0.12,"16,71,598"
2019-07-02T18:30:00.000Z,414,419.5,414,414.9,0.21,0.13,"25,42,307"
2019-07-03T18:30:00.000Z,416,417.25,413.35,414.9,0,-0.07,"11,01,623"
2019-07-04T18:30:00.000Z,416.4,416.5,400.55,402.45,-3,-3.07,"16,70,037"
2019-07-07T18:30:00.000Z,401,404.45,395.95,397.8,-1.16,-1.23,"16,48,021"
2019-07-08T18:30:00.000Z,397.7,406,392.65,405,1.81,1.74,"19,52,280"
2019-07-09T18:30:00.000Z,406.95,408.8,402.35,405,0,-0.07,"20,23,029"
2019-07-10T18:30:00.000Z,408.2,413.7,403.9,412.9,1.95,1.88,"17,32,979"
2019-07-11T18:30:00.000Z,411.95,419.4,409.6,415.3,0.58,0.51,"28,18,537"
2019-07-14T18:30:00.000Z,413.55,416.2,408.1,409.1,-1.49,-1.57,"26,01,603"
2019-07-15T18:30:00.000Z,411.65,421.5,407.65,417.75,2.11,2.04,"21,11,513"
2019-07-16T18:30:00.000Z,420.2,421.1,414.3,417.05,-0.17,-0.24,"16,98,318"
2019-07-17T18:30:00.000Z,416.7,419.3,410.75,412.4,-1.11,-1.19,"13,00,071"
2019-07-18T18:30:00.000Z,414.55,416.65,401.75,405.5,-1.67,-1.75,"18,94,624"
2019-07-21T18:30:00.000Z,403.8,409.5,396.5,407.2,0.42,0.35,"19,41,825"
2019-07-22T18:30:00.000Z,409,409,398,399.75,-1.83,-1.9,"28,35,920"
2019-07-23T18:30:00.000Z,400,400.55,378,380.8,-4.74,-4.81,"47,48,109"
2019-07-24T18:30:00.000Z,380.8,385.55,377,380.35,-0.12,-0.19,"29,98,970"
2019-07-25T18:30:00.000Z,380.65,384.4,377.2,381.65,0.34,0.27,"27,01,597"
2019-07-28T18:30:00.000Z,381.55,382.8,372,373.85,-2.04,-2.12,"18,88,927"
2019-07-29T18:30:00.000Z,376.6,379.9,371.1,373.45,-0.11,-0.18,"23,12,161"
2019-07-30T18:30:00.000Z,373,381.8,368.65,377.55,1.1,1.02,"24,29,787"
2019-07-31T18:30:00.000Z,376,377.85,366.3,371.1,-1.71,-1.78,"17,20,133"
2019-08-01T18:30:00.000Z,368.5,379.75,363.65,375.45,1.17,1.1,"30,29,294"
2019-08-04T18:30:00.000Z,372,372,359.15,367.85,-2.02,-2.1,"24,32,675"
2019-08-05T18:30:00.000Z,365.6,378.6,365.25,376.95,2.47,2.4,"37,19,169"
2019-08-06T18:30:00.000Z,379.55,379.55,365.65,372.25,-1.25,-1.32,"34,19,644"
2019-08-07T18:30:00.000Z,378,379.5,367.45,373.95,0.46,0.38,"33,97,923"
2019-08-08T18:30:00.000Z,377.7,380.5,374.25,376.6,0.71,0.64,"22,23,023"
2019-08-12T18:30:00.000Z,376.4,379.55,359.1,360.55,-4.26,-4.34,"25,76,776"
2019-08-13T18:30:00.000Z,361.55,363,356.6,358.85,-0.47,-0.54,"45,06,969"
2019-08-15T18:30:00.000Z,356.05,358.55,350,357.35,-0.42,-0.49,"44,33,448"
2019-08-18T18:30:00.000Z,357.6,363.4,356.5,357.4,0.01,-0.06,"21,52,462"
2019-08-19T18:30:00.000Z,357.4,359.75,352,354.95,-0.69,-0.76,"17,67,899"
2019-08-20T18:30:00.000Z,355,355,348.4,350.7,-1.2,-1.27,"14,59,740"
2019-08-21T18:30:00.000Z,348.8,348.8,340.8,345.05,-1.61,-1.68,"21,71,160"
2019-08-22T18:30:00.000Z,346.4,354.15,339.65,349.35,1.25,1.17,"22,46,560"
2019-08-25T18:30:00.000Z,366,375,349.35,368.2,5.4,5.32,"49,74,219"
2019-08-26T18:30:00.000Z,370.3,374.25,367.3,372.05,1.05,0.97,"30,40,184"
2019-08-27T18:30:00.000Z,373.1,374.25,364.05,365.95,-1.64,-1.71,"21,86,454"
2019-08-28T18:30:00.000Z,367,370.3,361.3,366.2,0.07,-0.01,"17,25,632"
2019-08-29T18:30:00.000Z,368.45,368.85,359.4,365.7,-0.14,-0.21,"23,13,806"
2019-09-02T18:30:00.000Z,362.7,367.15,359.55,361.3,-1.2,-1.28,"16,38,833"
2019-09-03T18:30:00.000Z,361.3,365.75,356.65,364.35,0.84,0.77,"18,46,644"
2019-09-04T18:30:00.000Z,365.7,367.75,361.25,366.55,0.6,0.53,"16,42,165"
2019-09-05T18:30:00.000Z,368,368.7,363.8,365.75,-0.22,-0.29,"23,66,109"
2019-09-08T18:30:00.000Z,365.8,371.8,363.65,369.55,1.04,0.97,"29,54,338"
2019-09-10T18:30:00.000Z,371.2,374.95,366.5,373.35,1.03,0.95,"33,41,392"
2019-09-11T18:30:00.000Z,375,376.2,370.5,372.45,-0.24,-0.31,"26,25,251"
2019-09-12T18:30:00.000Z,376.5,377,370.4,374.2,0.47,0.4,"29,25,109"
2019-09-15T18:30:00.000Z,373,373.8,368.1,370.6,-0.96,-1.04,"25,61,643"
2019-09-16T18:30:00.000Z,370.6,373.25,362.8,365.3,-1.43,-1.5,"26,09,989"
2019-09-17T18:30:00.000Z,365,368.3,364.2,366.35,0.29,0.21,"14,69,778"
2019-09-18T18:30:00.000Z,366.3,366.5,357.85,361.9,-1.21,-1.29,"13,17,155"
2019-09-19T18:30:00.000Z,362.45,384.8,361,380.7,5.19,5.12,"61,34,710"
2019-09-22T18:30:00.000Z,394,417.5,386.1,410.95,7.95,7.87,"66,95,717"
2019-09-23T18:30:00.000Z,409.95,417.5,403.95,413.85,0.71,0.63,"31,12,368"
2019-09-24T18:30:00.000Z,409.3,417.95,409.1,414.8,0.23,0.16,"29,97,555"
2019-09-25T18:30:00.000Z,412.2,420.6,412,419.15,1.05,0.98,"86,39,414"
2019-09-26T18:30:00.000Z,418,420.5,406.1,408.6,-2.52,-2.59,"37,89,544"
2019-09-29T18:30:00.000Z,403,415.55,401.45,413.95,1.31,1.24,"31,52,658"
2019-09-30T18:30:00.000Z,415.2,417.9,401.6,404.05,-2.39,-2.47,"25,32,760"
2019-10-02T18:30:00.000Z,403.5,406.2,398.6,403.9,-0.04,-0.11,"26,19,077"
2019-10-03T18:30:00.000Z,405.5,407.25,392.95,394.6,-2.3,-2.38,"16,10,595"
2019-10-06T18:30:00.000Z,396,400.75,390.65,395.25,0.16,0.09,"13,99,825"
2019-10-08T18:30:00.000Z,396.35,402.85,391.55,400.45,1.32,1.24,"39,05,912"
2019-10-09T18:30:00.000Z,397.8,401.6,395.6,399.9,-0.14,-0.21,"30,34,826"
2019-10-10T18:30:00.000Z,401.25,410.25,395.9,409.05,2.29,2.21,"22,83,201"
2019-10-13T18:30:00.000Z,410.9,413,404.8,407.45,-0.39,-0.46,"33,13,476"
2019-10-14T18:30:00.000Z,408.85,414.5,407.45,413.75,1.55,1.47,"24,34,978"
2019-10-15T18:30:00.000Z,413,413.75,403.6,410,-0.91,-0.98,"20,08,661"
2019-10-16T18:30:00.000Z,409.1,411.2,404.6,409.15,-0.21,-0.28,"24,78,950"
2019-10-17T18:30:00.000Z,410,423.8,408,421.7,3.07,2.99,"40,47,650"
2019-10-21T18:30:00.000Z,421.5,428.85,417.1,420.75,-0.23,-0.3,"23,80,735"
2019-10-22T18:30:00.000Z,418,419,395,396.1,-5.86,-5.93,"67,52,056"
2019-10-23T18:30:00.000Z,399,401.45,393.35,399.15,0.77,0.7,"64,33,637"
2019-10-24T18:30:00.000Z,402.95,402.95,396.85,398.95,-0.05,-0.12,"32,72,059"
2019-10-26T18:30:00.000Z,402.25,402.25,398.55,399.8,0.21,0.14,"1,10,114"
2019-10-28T18:30:00.000Z,401,401,398.15,398.95,-0.21,-0.29,"22,69,051"
2019-10-29T18:30:00.000Z,399.2,405,395.5,398.1,-0.21,-0.29,"55,90,453"
2019-10-30T18:30:00.000Z,399.25,400,393.65,395.8,-0.58,-0.65,"25,29,130"
2019-10-31T18:30:00.000Z,396,397.25,387.85,389.75,-1.53,-1.6,"36,65,336"
2019-11-03T18:30:00.000Z,390,394.95,389.75,391,0.32,0.25,"31,46,855"
2019-11-04T18:30:00.000Z,391.7,392.9,386.5,390,-0.26,-0.33,"13,95,899"
2019-11-05T18:30:00.000Z,390,394.4,388.5,391,0.26,0.18,"22,77,683"
2019-11-06T18:30:00.000Z,390.5,392,388.05,390.45,-0.14,-0.21,"16,15,593"
2019-11-07T18:30:00.000Z,391.2,391.2,385.5,386.15,-1.1,-1.17,"12,06,504"
2019-11-10T18:30:00.000Z,386.15,389.15,382.5,387.9,0.45,0.38,"23,00,763"
2019-11-12T18:30:00.000Z,391,391.8,369.4,370.8,-4.41,-4.48,"53,92,849"
2019-11-13T18:30:00.000Z,371.9,374.1,365.85,369.1,-0.46,-0.53,"26,62,084"
2019-11-14T18:30:00.000Z,369.1,370.9,365.5,366.3,-0.76,-0.83,"23,62,065"
2019-11-17T18:30:00.000Z,366.3,367.45,364.1,365.65,-0.18,-0.25,"18,35,202"
2019-11-18T18:30:00.000Z,367.5,368.15,361.55,364.05,-0.44,-0.51,"27,58,083"
2019-11-19T18:30:00.000Z,364.5,377.1,364,366.7,0.73,0.65,"63,85,953"
2019-11-20T18:30:00.000Z,368,376.25,368,372.1,1.47,1.4,"65,56,285"
2019-11-21T18:30:00.000Z,372.25,375.55,370.45,371.45,-0.17,-0.25,"36,79,373"
2019-11-24T18:30:00.000Z,372,379.2,371.5,374.7,0.87,0.8,"30,50,808"
2019-11-25T18:30:00.000Z,377.05,378,368.45,370.4,-1.15,-1.22,"43,48,236"
2019-11-26T18:30:00.000Z,372,374.35,367.25,372.95,0.69,0.62,"14,17,796"
2019-11-27T18:30:00.000Z,376,377.7,370.5,372.6,-0.09,-0.17,"16,49,478"
2019-11-28T18:30:00.000Z,372,384.95,370.8,382.05,2.54,2.46,"3,01,11,277"
2019-12-01T18:30:00.000Z,381.1,383.35,375.85,377.75,-1.13,-1.2,"37,83,084"
2019-12-02T18:30:00.000Z,380,380,359.55,361.95,-4.18,-4.26,"41,89,825"
2019-12-03T18:30:00.000Z,361.5,370.35,357.35,367.85,1.63,1.56,"43,69,308"
2019-12-04T18:30:00.000Z,368,373.6,365.15,368.4,0.15,0.08,"31,79,935"
2019-12-05T18:30:00.000Z,370.65,371.3,363.4,366.15,-0.61,-0.68,"23,76,977"
2019-12-08T18:30:00.000Z,368.25,377.5,364.95,373.6,2.03,1.96,"49,88,293"
2019-12-09T18:30:00.000Z,373.9,375.85,366.05,366.9,-1.79,-1.87,"21,08,098"
2019-12-10T18:30:00.000Z,368.95,370.85,365,369.7,0.76,0.69,"17,10,192"
2019-12-11T18:30:00.000Z,371.45,376.5,370.9,372.5,0.76,0.68,"20,12,086"
2019-12-12T18:30:00.000Z,372.55,380.9,372.55,376.95,1.19,1.12,"26,99,035"
2019-12-15T18:30:00.000Z,377.25,380.45,366.95,368.35,-2.28,-2.35,"35,79,883"
2019-12-16T18:30:00.000Z,369.2,373,367.55,371.25,0.79,0.71,"42,26,416"
2019-12-17T18:30:00.000Z,372.1,375.8,369.1,374.5,0.88,0.8,"39,60,881"
2019-12-18T18:30:00.000Z,374,374.25,367.6,369.65,-1.3,-1.37,"27,69,484"
2019-12-19T18:30:00.000Z,370.2,378,370.2,372.3,0.72,0.64,"1,08,08,900"
2019-12-22T18:30:00.000Z,372.05,374.2,364.25,366.9,-1.45,-1.52,"42,75,342"
2019-12-23T18:30:00.000Z,368,372,366,368.6,0.46,0.39,"29,48,878"
2019-12-25T18:30:00.000Z,368.8,370.6,362.1,363.65,-1.34,-1.42,"25,03,435"
2019-12-26T18:30:00.000Z,366.75,367.9,362.8,363.7,0.01,-0.06,"21,46,972"
2019-12-29T18:30:00.000Z,371,371,363.75,365.95,0.62,0.55,"47,32,203"
2019-12-30T18:30:00.000Z,366,368.65,364.9,366,0.01,-0.06,"20,43,206"
2019-12-31T18:30:00.000Z,368,379.25,366,377.65,3.18,3.11,"1,13,77,167"
2020-01-01T18:30:00.000Z,377.95,384.7,376.5,383.15,1.46,1.38,"59,19,760"
2020-01-02T18:30:00.000Z,382.7,384.35,379.2,382.5,-0.17,-0.24,"36,84,824"
2020-01-05T18:30:00.000Z,388,388,374.75,380.2,-0.6,-0.67,"1,24,82,680"
2020-01-06T18:30:00.000Z,384.05,389.75,382.4,384.8,1.21,1.14,"80,91,465"
2020-01-07T18:30:00.000Z,379,387.6,378.25,385.65,0.22,0.15,"46,20,991"
2020-01-08T18:30:00.000Z,389.15,394,386.05,391.8,1.59,1.52,"41,86,783"
2020-01-09T18:30:00.000Z,391.8,394.3,390,392.05,0.06,-0.01,"24,05,154"
2020-01-12T18:30:00.000Z,391.9,393.9,389.3,390.35,-0.43,-0.51,"15,16,112"
2020-01-13T18:30:00.000Z,391,392.6,386,389.2,-0.29,-0.37,"19,63,128"
2020-01-14T18:30:00.000Z,389.3,391.4,386,390.8,0.41,0.34,"15,36,571"
2020-01-15T18:30:00.000Z,392,394.6,389.8,390.95,0.04,-0.04,"13,40,762"
2020-01-16T18:30:00.000Z,390.9,392.4,386,387.6,-0.86,-0.93,"16,44,832"
2020-01-19T18:30:00.000Z,387.65,389.2,378.8,380.05,-1.95,-2.02,"17,60,945"
2020-01-20T18:30:00.000Z,378.8,382,375.3,379.95,-0.03,-0.1,"20,05,178"
2020-01-21T18:30:00.000Z,379.95,385,379,383.6,0.96,0.89,"18,17,459"
2020-01-22T18:30:00.000Z,384.45,386.75,380.75,385.85,0.59,0.51,"12,02,104"
2020-01-23T18:30:00.000Z,383,387.4,380.3,384.75,-0.29,-0.36,"15,72,385"
2020-01-26T18:30:00.000Z,383.7,386.25,379.8,381.25,-0.91,-0.98,"10,76,027"
2020-01-27T18:30:00.000Z,380.7,381.5,370.2,372.95,-2.18,-2.25,"22,20,618"
2020-01-28T18:30:00.000Z,377.5,387.75,373.75,383.35,2.79,2.72,"35,88,224"
2020-01-29T18:30:00.000Z,381,383.7,376.85,378,-1.4,-1.47,"15,26,892"
2020-01-30T18:30:00.000Z,380.05,381.55,368.25,369.4,-2.28,-2.35,"29,12,256"
2020-01-31T18:30:00.000Z,369.8,371.4,360.65,362.3,-1.92,-2,"18,39,534"
2020-02-02T18:30:00.000Z,364,370,355.5,367.35,1.39,1.32,"28,57,926"
2020-02-03T18:30:00.000Z,370.1,376,366.35,372.5,1.4,1.33,"30,61,868"
2020-02-04T18:30:00.000Z,372,372.5,361.1,366.6,-1.58,-1.66,"34,41,871"
2020-02-05T18:30:00.000Z,370,373.2,367.65,370.2,0.98,0.91,"41,72,547"
2020-02-06T18:30:00.000Z,370.2,373.7,367.2,369.55,-0.18,-0.25,"21,97,903"
2020-02-09T18:30:00.000Z,370.05,373.45,366.15,368.25,-0.35,-0.43,"15,37,598"
2020-02-10T18:30:00.000Z,370.5,378.4,369.05,374.2,1.62,1.54,"28,36,917"
2020-02-11T18:30:00.000Z,376.95,378.9,371.6,374.1,-0.03,-0.1,"18,73,710"
2020-02-12T18:30:00.000Z,374,374.7,367,369.1,-1.34,-1.41,"16,02,247"
2020-02-13T18:30:00.000Z,370.3,372,366,366.85,-0.61,-0.68,"10,12,713"
2020-02-16T18:30:00.000Z,366.85,366.85,359.4,362.8,-1.1,-1.18,"19,79,626"
2020-02-17T18:30:00.000Z,362.5,368.45,358.35,366.6,1.05,0.97,"16,93,616"
2020-02-18T18:30:00.000Z,371,374.45,367.35,371.3,1.28,1.21,"20,57,811"
2020-02-19T18:30:00.000Z,371,374.5,370,370.85,-0.12,-0.19,"17,99,254"
2020-02-23T18:30:00.000Z,367.65,371.4,361.5,362.25,-2.32,-2.39,"20,70,656"
2020-02-24T18:30:00.000Z,362.3,364.7,355.6,358.4,-1.06,-1.14,"25,30,137"
2020-02-25T18:30:00.000Z,356.9,362.5,352.9,358.4,0,-0.07,"41,64,401"
2020-02-26T18:30:00.000Z,358.7,360.75,351.5,353.7,-1.31,-1.38,"19,77,795"
2020-02-27T18:30:00.000Z,347,348.65,339.2,342.2,-3.25,-3.32,"42,99,292"
2020-03-01T18:30:00.000Z,346.1,351.05,338.3,340.65,-0.45,-0.53,"25,10,491"
2020-03-02T18:30:00.000Z,344,349.05,342,347.3,1.95,1.88,"36,71,071"
2020-03-03T18:30:00.000Z,347.8,349.8,339.9,345.95,-0.39,-0.46,"34,90,806"
2020-03-04T18:30:00.000Z,347.3,351.9,346.5,349.15,0.92,0.85,"27,09,900"
2020-03-05T18:30:00.000Z,339.8,343.2,331.25,341.4,-2.22,-2.29,"39,66,036"
2020-03-08T18:30:00.000Z,334.7,334.7,316.85,321.9,-5.71,-5.79,"32,30,319"
2020-03-10T18:30:00.000Z,322.8,326.35,316.2,320.2,-0.53,-0.6,"56,34,636"
2020-03-11T18:30:00.000Z,288.2,301.9,284,287.65,-10.17,-10.24,"98,95,077"
2020-03-12T18:30:00.000Z,260,300.7,232,292.75,1.77,1.7,"2,10,79,070"
2020-03-15T18:30:00.000Z,273,276.85,252,261.4,-10.71,-10.78,"77,27,956"
2020-03-16T18:30:00.000Z,265,283.35,265,267.15,2.2,2.13,"96,91,227"
2020-03-17T18:30:00.000Z,270,273,256,260.4,-2.53,-2.6,"55,81,367"
2020-03-18T18:30:00.000Z,248,264.15,241,258.35,-0.79,-0.86,"87,27,962"
2020-03-19T18:30:00.000Z,257.6,264.5,247.2,256.4,-0.75,-0.83,"70,28,925"
2020-03-22T18:30:00.000Z,235,235.8,203,207.8,-18.95,-19.03,"57,16,818"
2020-03-23T18:30:00.000Z,216,238.75,212.6,231.75,11.53,11.45,"96,94,177"
2020-03-24T18:30:00.000Z,222.3,266.5,222.3,255.6,10.29,10.22,"1,17,45,146"
2020-03-25T18:30:00.000Z,257.65,260.1,241.5,248.2,-2.9,-2.97,"87,01,776"
2020-03-26T18:30:00.000Z,259,259.6,244,251.3,1.25,1.18,"48,71,655"
2020-03-29T18:30:00.000Z,248,254.85,237,251.65,0.14,0.07,"89,46,439"
2020-03-30T18:30:00.000Z,255,259.6,247.05,251.3,-0.14,-0.21,"64,01,288"
2020-03-31T18:30:00.000Z,246.05,247.8,235.05,244.8,-2.59,-2.66,"40,34,211"
2020-04-02T18:30:00.000Z,246,252.8,238.9,244.8,0,-0.07,"72,10,453"
2020-04-06T18:30:00.000Z,254.2,255.85,245.6,248.1,1.35,1.27,"73,60,798"
2020-04-07T18:30:00.000Z,248,255.85,242.75,250.85,1.11,1.03,"68,97,883"
2020-04-08T18:30:00.000Z,254,254.6,247.45,251.9,0.42,0.35,"52,90,672"
2020-04-12T18:30:00.000Z,252,265.5,247.5,262.85,4.35,4.27,"69,79,354"
2020-04-14T18:30:00.000Z,265,279.4,265,268.9,2.3,2.23,"76,06,729"
2020-04-15T18:30:00.000Z,267,271.3,260.3,267.6,-0.48,-0.56,"32,67,294"
2020-04-16T18:30:00.000Z,275,275.9,263.6,268.15,0.21,0.13,"34,70,271"
2020-04-19T18:30:00.000Z,273.5,273.5,266.55,270.5,0.88,0.8,"22,34,365"
2020-04-20T18:30:00.000Z,266.05,269.6,260.9,265.2,-1.96,-2.03,"25,62,045"
2020-04-21T18:30:00.000Z,260,273.85,258.5,271.9,2.53,2.45,"32,29,099"
2020-04-22T18:30:00.000Z,273.5,279.7,268.5,277.6,2.1,2.02,"35,94,118"
2020-04-23T18:30:00.000Z,273.95,276.95,269.55,270.65,-2.5,-2.58,"25,15,755"
2020-04-26T18:30:00.000Z,273.3,277.1,269.5,271.15,0.18,0.11,"18,45,577"
2020-04-27T18:30:00.000Z,271.15,274.7,270,272.95,0.66,0.59,"18,08,291"
2020-04-28T18:30:00.000Z,274,293.2,272.7,287.65,5.39,5.31,"40,58,322"
2020-04-29T18:30:00.000Z,295.05,296,285.1,290.1,0.85,0.78,"46,75,412"
2020-05-03T18:30:00.000Z,275,280,262,266.35,-8.19,-8.26,"63,59,013"
2020-05-04T18:30:00.000Z,271.7,271.7,261.1,263.1,-1.22,-1.29,"48,66,839"
2020-05-05T18:30:00.000Z,261.1,273.5,261.1,270.15,2.68,2.61,"1,05,47,916"
2020-05-06T18:30:00.000Z,271.2,284.5,268.45,282.4,4.53,4.46,"65,05,707"
2020-05-07T18:30:00.000Z,285.1,286.85,280.55,285.05,0.94,0.86,"25,94,067"
2020-05-10T18:30:00.000Z,285.2,293.25,285.2,289.7,1.63,1.56,"32,04,070"
2020-05-11T18:30:00.000Z,289,292.8,285.25,291.5,0.62,0.55,"46,02,741"
2020-05-12T18:30:00.000Z,297,311.9,262.35,309.35,6.12,6.05,"95,60,014"
2020-05-13T18:30:00.000Z,301.1,311.45,301.1,308.4,-0.31,-0.38,"56,84,067"
2020-05-14T18:30:00.000Z,309,312,305.35,309.25,0.28,0.2,"37,12,050"
2020-05-17T18:30:00.000Z,306,307.35,291.35,293.3,-5.16,-5.23,"36,25,909"
2020-05-18T18:30:00.000Z,299.8,320.9,297.35,319.2,8.83,8.76,"1,05,40,356"
2020-05-19T18:30:00.000Z,318,324.8,311.55,323.75,1.43,1.35,"69,85,480"
2020-05-20T18:30:00.000Z,319.4,322.15,315.4,317.15,-2.04,-2.11,"46,02,568"
2020-05-21T18:30:00.000Z,315,315,306.55,310.6,-2.07,-2.14,"34,28,549"
2020-05-25T18:30:00.000Z,312.4,320.55,309.6,315.6,1.61,1.54,"40,31,218"
2020-05-26T18:30:00.000Z,313,328.5,313,326.65,3.5,3.43,"63,52,246"
2020-05-27T18:30:00.000Z,329.5,334.15,327.45,331.8,1.58,1.5,"56,55,407"
2020-05-28T18:30:00.000Z,330,330,322.05,323.8,-2.41,-2.48,"1,22,99,544"
2020-05-31T18:30:00.000Z,326,336.35,326,329.35,1.71,1.64,"28,65,760"
2020-06-01T18:30:00.000Z,330.2,341.65,325.8,339.95,3.22,3.15,"46,68,325"
2020-06-02T18:30:00.000Z,344,344.95,336.85,339.55,-0.12,-0.19,"51,77,337"
2020-06-03T18:30:00.000Z,341,342.9,337.6,339.2,-0.1,-0.18,"46,25,619"
2020-06-04T18:30:00.000Z,340.1,347.15,337.2,341.15,0.57,0.5,"23,48,630"
2020-06-07T18:30:00.000Z,343.1,347.65,340.95,343.3,0.63,0.56,"27,71,175"
2020-06-08T18:30:00.000Z,344.5,351.35,341.3,346.05,0.8,0.73,"33,88,265"
2020-06-09T18:30:00.000Z,346.05,349.75,340.4,346.55,0.14,0.07,"23,24,983"
2020-06-10T18:30:00.000Z,348,348,336.8,338.65,-2.28,-2.35,"42,60,956"
2020-06-11T18:30:00.000Z,330.65,347.8,327.7,345.3,1.96,1.89,"30,22,904"
2020-06-14T18:30:00.000Z,346.5,346.85,336.85,339.75,-1.61,-1.68,"24,74,153"
2020-06-15T18:30:00.000Z,347,347,335.9,340.8,0.31,0.24,"26,86,021"
2020-06-16T18:30:00.000Z,341,346.45,337.55,341.3,0.15,0.07,"24,58,021"
2020-06-17T18:30:00.000Z,340.35,345.5,335.15,343.8,0.73,0.66,"25,02,231"
2020-06-18T18:30:00.000Z,344.4,354.9,341.5,348.9,1.48,1.41,"69,17,610"
2020-06-21T18:30:00.000Z,350,353.9,346.7,349.6,0.2,0.13,"25,15,842"
2020-06-22T18:30:00.000Z,350,357.2,346.75,355.65,1.73,1.66,"27,15,738"
2020-06-23T18:30:00.000Z,355.35,360,349.6,351.85,-1.07,-1.14,"28,41,354"
2020-06-24T18:30:00.000Z,349.8,351.5,342.2,344,-2.23,-2.3,"50,56,963"
2020-06-25T18:30:00.000Z,348,349,339.6,343.2,-0.23,-0.31,"39,79,519"
2020-06-28T18:30:00.000Z,341.35,344.05,339.1,342.65,-0.16,-0.23,"32,63,757"
2020-06-29T18:30:00.000Z,344,349.8,342.4,343.9,0.36,0.29,"28,28,820"
2020-06-30T18:30:00.000Z,345.9,347.05,341.3,343.8,-0.03,-0.1,"12,02,080"
2020-07-01T18:30:00.000Z,346,349.6,344.9,346.8,0.87,0.8,"12,04,040"
2020-07-02T18:30:00.000Z,350.2,366.8,348.65,360.4,3.92,3.85,"93,00,948"
2020-07-05T18:30:00.000Z,365.1,366,356.1,359.45,-0.26,-0.34,"33,60,577"
2020-07-06T18:30:00.000Z,361,361,344.25,345.95,-3.76,-3.83,"43,48,443"
2020-07-07T18:30:00.000Z,349,349.65,339.3,340.6,-1.55,-1.62,"39,88,479"
2020-07-08T18:30:00.000Z,341,346.5,340,343.15,0.75,0.68,"36,35,224"
2020-07-09T18:30:00.000Z,341,342.7,332.25,334.95,-2.39,-2.46,"33,68,457"
2020-07-12T18:30:00.000Z,336.25,339.65,331.5,332.2,-0.82,-0.89,"21,87,706"
2020-07-13T18:30:00.000Z,332.7,333.5,319.7,320.4,-3.55,-3.63,"31,46,962"
2020-07-14T18:30:00.000Z,320.55,324.5,312.9,315.15,-1.64,-1.71,"39,05,269"
2020-07-15T18:30:00.000Z,317,317.45,309.6,311.2,-1.25,-1.33,"31,22,868"
2020-07-16T18:30:00.000Z,312,318.9,310.6,313,0.58,0.5,"32,64,266"
2020-07-19T18:30:00.000Z,316,318.7,310.35,317.3,1.37,1.3,"43,28,922"
2020-07-20T18:30:00.000Z,320.9,325.35,313.6,314.7,-0.82,-0.89,"42,64,604"
2020-07-21T18:30:00.000Z,316.2,318.65,309.1,312,-0.86,-0.93,"30,68,805"
2020-07-22T18:30:00.000Z,313.4,315.95,311.6,313.9,0.61,0.54,"28,31,417"
2020-07-23T18:30:00.000Z,313.9,313.95,305.35,309.4,-1.43,-1.51,"24,57,671"
2020-07-26T18:30:00.000Z,309,310.7,298,309.05,-0.11,-0.19,"54,65,737"
2020-07-27T18:30:00.000Z,309.9,320,308.05,318.6,3.09,3.02,"49,73,848"
2020-07-28T18:30:00.000Z,317.05,323,312.05,315.15,-1.08,-1.16,"40,00,041"
2020-07-29T18:30:00.000Z,317.85,321.75,310.1,312.5,-0.84,-0.91,"24,98,355"
2020-07-30T18:30:00.000Z,315,318.15,312.75,315.2,0.86,0.79,"19,45,026"
2020-08-02T18:30:00.000Z,311,319.55,308.65,311.35,-1.22,-1.29,"24,08,531"
2020-08-03T18:30:00.000Z,313,317.75,311.35,314.95,1.16,1.08,"31,82,644"
2020-08-04T18:30:00.000Z,316.4,328.8,313.4,327.1,3.86,3.78,"83,87,056"
2020-08-05T18:30:00.000Z,330.1,330.9,321.4,323.8,-1.01,-1.08,"32,82,020"
2020-08-06T18:30:00.000Z,323.9,328.35,321.55,326.65,0.88,0.81,"26,34,956"
2020-08-09T18:30:00.000Z,329,333.95,325.7,331.3,1.42,1.35,"31,87,734"
2020-08-10T18:30:00.000Z,333.5,336.75,330.7,335,1.12,1.04,"35,04,783"
2020-08-11T18:30:00.000Z,336,347.75,331.75,341.2,1.85,1.78,"1,06,74,205"
2020-08-12T18:30:00.000Z,343.55,348.95,341.75,347.65,1.89,1.82,"27,07,033"
2020-08-13T18:30:00.000Z,353.75,353.75,343.65,348.1,0.13,0.06,"33,77,000"
2020-08-16T18:30:00.000Z,350.85,358,346.8,357.45,2.69,2.61,"45,08,358"
2020-08-17T18:30:00.000Z,356.9,359.5,354.5,357.45,0,-0.07,"21,51,419"
2020-08-18T18:30:00.000Z,360,366.2,355.5,356.65,-0.22,-0.3,"32,69,190"
2020-08-19T18:30:00.000Z,354.95,357.1,347.95,353.6,-0.86,-0.93,"35,33,916"
2020-08-20T18:30:00.000Z,357.9,359.35,353,354.35,0.21,0.14,"13,42,269"
2020-08-23T18:30:00.000Z,358.4,363.3,347.6,349,-1.51,-1.58,"34,89,262"
2020-08-24T18:30:00.000Z,351.9,352,341,346.1,-0.83,-0.9,"35,32,971"
2020-08-25T18:30:00.000Z,346.35,366.9,346.35,354.25,2.35,2.28,"1,15,68,961"
2020-08-26T18:30:00.000Z,356,357.45,349.55,350.55,-1.04,-1.12,"29,96,658"
2020-08-27T18:30:00.000Z,355,363,348.5,360.05,2.71,2.64,"54,06,554"
2020-08-30T18:30:00.000Z,365,378.35,352,355.75,-1.19,-1.27,"1,93,79,274"
2020-08-31T18:30:00.000Z,357,365.35,341.4,348.8,-1.95,-2.03,"67,26,316"
2020-09-01T18:30:00.000Z,352.95,363.5,344.1,359.9,3.18,3.11,"56,94,675"
2020-09-02T18:30:00.000Z,363.5,368,359.55,366,1.69,1.62,"42,86,269"
2020-09-03T18:30:00.000Z,363.4,363.4,351.1,353,-3.55,-3.63,"76,28,188"
2020-09-06T18:30:00.000Z,355,357.95,347.2,352.05,-0.27,-0.34,"33,44,349"
2020-09-07T18:30:00.000Z,352.7,355.95,343.55,345.6,-1.83,-1.91,"23,39,457"
2020-09-08T18:30:00.000Z,344.4,346.3,335.35,343.85,-0.51,-0.58,"34,13,215"
2020-09-09T18:30:00.000Z,346,348.95,336.6,341.6,-0.65,-0.73,"38,93,126"
2020-09-10T18:30:00.000Z,341,343.9,333.45,342.5,0.26,0.19,"46,56,343"
2020-09-13T18:30:00.000Z,345,353.6,343.45,351.65,2.67,2.6,"42,21,864"
2020-09-14T18:30:00.000Z,355.1,356.8,351,352.65,0.28,0.21,"20,42,343"
2020-09-15T18:30:00.000Z,352.25,356.1,348.95,353.55,0.26,0.18,"19,98,100"
2020-09-16T18:30:00.000Z,352,355.5,345,346.1,-2.11,-2.18,"24,33,213"
2020-09-17T18:30:00.000Z,348.7,359.8,347.1,357.85,3.39,3.32,"49,63,128"
2020-09-20T18:30:00.000Z,358,359,343.95,347.85,-2.79,-2.87,"30,86,223"
2020-09-21T18:30:00.000Z,347.85,348.35,327.15,332.3,-4.47,-4.54,"46,70,215"
2020-09-22T18:30:00.000Z,332.55,335.35,320.15,324.6,-2.32,-2.39,"42,81,300"
2020-09-23T18:30:00.000Z,321.55,322.95,312.1,313.75,-3.34,-3.42,"68,57,200"
2020-09-24T18:30:00.000Z,319,329.7,315.6,326.15,3.95,3.88,"62,82,538"
2020-09-27T18:30:00.000Z,327.8,343.2,327.8,339.55,4.11,4.04,"42,49,775"
2020-09-28T18:30:00.000Z,343.4,346.4,336.9,341,0.43,0.35,"34,90,719"
2020-09-29T18:30:00.000Z,340.55,346.55,330,341.75,0.22,0.15,"27,57,175"
2020-09-30T18:30:00.000Z,345.5,354.9,344.5,353.3,3.38,3.31,"30,04,005"
2020-10-04T18:30:00.000Z,355.9,358,348.45,350.35,-0.83,-0.91,"1,18,96,462"
2020-10-05T18:30:00.000Z,356,364.5,354.85,362.9,3.58,3.51,"74,83,578"
2020-10-06T18:30:00.000Z,362.55,368.75,359,360.65,-0.62,-0.69,"40,24,902"
2020-10-07T18:30:00.000Z,359.8,362.8,356.35,359.75,-0.25,-0.32,"30,36,028"
2020-10-08T18:30:00.000Z,361,362.45,355.15,357.2,-0.71,-0.78,"19,88,867"
2020-10-11T18:30:00.000Z,359.1,362.85,355.05,357.65,0.13,0.05,"36,26,399"
2020-10-12T18:30:00.000Z,357.65,358.65,348.4,349.9,-2.17,-2.24,"24,13,111"
2020-10-13T18:30:00.000Z,349.1,351.2,344.7,348.95,-0.27,-0.34,"23,63,439"
2020-10-14T18:30:00.000Z,350.6,353.85,341.25,342.8,-1.76,-1.84,"28,55,273"
2020-10-15T18:30:00.000Z,344.35,354.75,341.95,349.95,2.09,2.01,"26,35,081"
2020-10-18T18:30:00.000Z,352.6,352.6,344.8,347.55,-0.69,-0.76,"21,81,975"
2020-10-19T18:30:00.000Z,346.7,352.3,345.65,348.95,0.4,0.33,"19,99,765"
2020-10-20T18:30:00.000Z,350.25,360.15,349.55,355.35,1.83,1.76,"43,98,526"
2020-10-21T18:30:00.000Z,350.55,364.05,350.15,358.35,0.84,0.77,"45,06,437"
2020-10-22T18:30:00.000Z,360,369,357.65,364.35,1.67,1.6,"63,57,073"
2020-10-25T18:30:00.000Z,366,373.9,360.35,363.7,-0.18,-0.25,"75,41,567"
2020-10-26T18:30:00.000Z,360.2,366.2,351,364.4,0.19,0.12,"58,69,581"
2020-10-27T18:30:00.000Z,363,370,352,353.65,-2.95,-3.02,"38,63,941"
2020-10-28T18:30:00.000Z,350.55,350.55,341.15,342.7,-3.1,-3.17,"33,46,474"
2020-10-29T18:30:00.000Z,345.2,362.7,343.2,359.85,5,4.93,"1,20,44,260"
2020-11-01T18:30:00.000Z,360,362.7,351.2,356.9,-0.82,-0.89,"93,64,431"
2020-11-02T18:30:00.000Z,362,362.65,347.2,353.65,-0.91,-0.98,"79,71,473"
2020-11-03T18:30:00.000Z,367.65,369.5,349.6,361.1,2.11,2.03,"1,79,40,352"
2020-11-04T18:30:00.000Z,366.05,374.65,364.3,368.65,2.09,2.02,"1,69,20,686"
2020-11-05T18:30:00.000Z,368.65,375.9,365.8,371.1,0.66,0.59,"72,90,106"
2020-11-08T18:30:00.000Z,375,376,366,367.05,-1.09,-1.16,"70,38,841"
2020-11-09T18:30:00.000Z,370.7,374.5,364.15,366.75,-0.08,-0.16,"68,50,175"
2020-11-10T18:30:00.000Z,366.75,372.45,365.25,371.6,1.32,1.25,"43,70,366"
2020-11-11T18:30:00.000Z,373,375.6,366.1,368.05,-0.96,-1.03,"47,59,659"
2020-11-12T18:30:00.000Z,367.5,370.4,362.7,365.5,-0.69,-0.77,"41,56,320"
2020-11-13T18:30:00.000Z,369,369,363,366.1,0.16,0.09,"4,44,529"
2020-11-16T18:30:00.000Z,368.5,386.75,366.25,379.65,3.7,3.63,"1,11,92,618"
2020-11-17T18:30:00.000Z,382,395.2,382,391.1,3.02,2.94,"1,55,14,329"
2020-11-18T18:30:00.000Z,390,392.7,379.6,381.9,-2.35,-2.43,"68,94,431"
2020-11-19T18:30:00.000Z,381,382.65,373,375.85,-1.58,-1.66,"55,62,369"
2020-11-22T18:30:00.000Z,375.85,379.35,370.3,375.15,-0.19,-0.26,"40,65,424"
2020-11-23T18:30:00.000Z,378,402,376,392.25,4.56,4.48,"1,94,85,370"
2020-11-24T18:30:00.000Z,396.3,404.7,384.4,398.95,1.71,1.63,"1,82,38,080"
2020-11-25T18:30:00.000Z,400.8,413,395.65,410.15,2.81,2.73,"1,28,56,261"
2020-11-26T18:30:00.000Z,411,416,408.2,411.55,0.34,0.27,"1,05,93,353"
2020-11-30T18:30:00.000Z,415,426,412,423.8,2.98,2.9,"91,70,159"
2020-12-01T18:30:00.000Z,424.9,442,420.35,438.2,3.4,3.32,"1,30,49,398"
2020-12-02T18:30:00.000Z,442,444.5,433.05,435.8,-0.55,-0.62,"1,08,10,399"
2020-12-03T18:30:00.000Z,439.7,458.3,439,453.7,4.11,4.03,"1,02,71,034"
2020-12-06T18:30:00.000Z,461,474.9,459,471.5,3.92,3.85,"1,61,40,936"
2020-12-07T18:30:00.000Z,472.7,474.7,457.55,463.35,-1.73,-1.8,"92,18,366"
2020-12-08T18:30:00.000Z,467.65,469.9,458.15,463.9,0.12,0.05,"58,11,412"
2020-12-09T18:30:00.000Z,463.9,474.1,457,471,1.53,1.46,"47,85,102"
2020-12-10T18:30:00.000Z,471.75,475,462.7,466.3,-1,-1.07,"49,22,448"
2020-12-13T18:30:00.000Z,468.6,472.45,463.1,467,0.15,0.08,"59,43,652"
2020-12-14T18:30:00.000Z,469.5,479.65,461.45,475.75,1.87,1.8,"1,09,73,876"
2020-12-15T18:30:00.000Z,480,480.45,473.15,475.55,-0.04,-0.12,"54,52,263"
2020-12-16T18:30:00.000Z,478,478.8,465.55,467.75,-1.64,-1.71,"67,57,703"
2020-12-17T18:30:00.000Z,467.75,472.95,458.5,463.3,-0.95,-1.02,"59,80,780"
2020-12-20T18:30:00.000Z,459,467,427.2,444.25,-4.11,-4.19,"82,23,842"
2020-12-21T18:30:00.000Z,444.25,470.5,435,468.65,5.49,5.42,"94,62,053"
2020-12-22T18:30:00.000Z,467.15,476.7,462.5,470.75,0.45,0.37,"79,43,560"
2020-12-23T18:30:00.000Z,474.9,482.9,466,478.55,1.66,1.58,"76,79,078"
2020-12-27T18:30:00.000Z,480,492.95,480,483.55,1.04,0.97,"83,72,924"
2020-12-28T18:30:00.000Z,485,489.85,478.2,483.4,-0.03,-0.1,"58,66,837"
2020-12-29T18:30:00.000Z,484,487.6,478.15,485.4,0.41,0.34,"37,36,356"
2020-12-30T18:30:00.000Z,485.4,490.8,480.25,483.75,-0.34,-0.41,"43,86,328"
2020-12-31T18:30:00.000Z,485,508,482.55,503.85,4.16,4.08,"78,15,730"
2021-01-03T18:30:00.000Z,507,510.9,495.2,498.9,-0.98,-1.06,"99,98,803"
2021-01-04T18:30:00.000Z,498.9,504.5,492,499.45,0.11,0.04,"51,35,408"
2021-01-05T18:30:00.000Z,501.8,504.95,489.5,496.8,-0.53,-0.6,"52,03,982"
2021-01-06T18:30:00.000Z,500.1,520.9,499.5,513.85,3.43,3.36,"1,02,95,126"
2021-01-07T18:30:00.000Z,520,527.35,514.5,517,0.61,0.54,"72,72,250"
2021-01-10T18:30:00.000Z,520.45,522.5,504,508.35,-1.67,-1.75,"71,56,036"
2021-01-11T18:30:00.000Z,507,520.65,502.55,511.25,0.57,0.5,"67,51,375"
2021-01-12T18:30:00.000Z,515.9,540,514.6,536.65,4.97,4.89,"1,10,45,555"
2021-01-13T18:30:00.000Z,537.95,542.45,530.1,536.95,0.06,-0.02,"60,66,782"
2021-01-14T18:30:00.000Z,536.8,541,524,527.95,-1.68,-1.75,"54,27,713"
2021-01-17T18:30:00.000Z,531,532.3,503.8,515.5,-2.36,-2.43,"62,58,367"
2021-01-18T18:30:00.000Z,516,535,516,532.8,3.36,3.28,"66,94,907"
2021-01-19T18:30:00.000Z,529,562.5,529,558.6,4.84,4.77,"1,44,40,729"
2021-01-20T18:30:00.000Z,561.85,561.85,542.65,547.65,-1.96,-2.03,"88,70,257"
2021-01-21T18:30:00.000Z,549.5,557.5,531.7,535.8,-2.16,-2.24,"68,43,849"
2021-01-24T18:30:00.000Z,543,547.45,522,523.65,-2.27,-2.34,"58,16,153"
2021-01-26T18:30:00.000Z,528.25,536,512.5,518.85,-0.92,-0.99,"89,20,054"
2021-01-27T18:30:00.000Z,515.7,527.95,507.05,519.1,0.05,-0.03,"57,07,393"
2021-01-28T18:30:00.000Z,527.55,533.1,507.1,509.7,-1.81,-1.88,"67,81,488"
2021-01-31T18:30:00.000Z,514.3,545.45,500.1,542.75,6.48,6.41,"1,02,59,084"
2021-02-01T18:30:00.000Z,548.7,554.85,540,550.8,1.48,1.41,"71,60,471"
2021-02-02T18:30:00.000Z,549.55,562.3,542,560.1,1.69,1.62,"74,62,289"
2021-02-03T18:30:00.000Z,557.9,573.4,554.05,568.4,1.48,1.41,"68,50,462"
2021-02-04T18:30:00.000Z,571,573.95,561.65,566.95,-0.26,-0.33,"55,86,868"
2021-02-07T18:30:00.000Z,572.15,594,571.1,582.05,2.66,2.59,"88,87,710"
2021-02-08T18:30:00.000Z,589.65,589.8,573.2,581.95,-0.02,-0.09,"1,09,17,915"
2021-02-09T18:30:00.000Z,584.75,587,550.5,576.85,-0.88,-0.95,"1,99,87,392"
2021-02-10T18:30:00.000Z,576.85,593.7,576.3,591.85,2.6,2.53,"1,05,95,917"
2021-02-11T18:30:00.000Z,592.3,621.65,586.1,616.6,4.18,4.11,"2,49,53,701"
2021-02-14T18:30:00.000Z,617.95,639.9,610.8,627.75,1.81,1.73,"1,51,46,033"
2021-02-15T18:30:00.000Z,629.8,643.5,628.05,636.55,1.4,1.33,"1,51,20,148"
2021-02-16T18:30:00.000Z,658,670,646.9,655.75,3.02,2.94,"3,48,68,085"
2021-02-17T18:30:00.000Z,660.8,670,649.05,664.05,1.27,1.19,"1,31,89,027"
2021-02-18T18:30:00.000Z,664.95,676.65,628.65,653.5,-1.59,-1.66,"1,75,53,743"
2021-02-21T18:30:00.000Z,658.8,678.5,649,673.8,3.11,3.03,"1,67,39,107"
2021-02-22T18:30:00.000Z,680,682.7,659.25,662,-1.75,-1.82,"1,12,47,164"
2021-02-23T18:30:00.000Z,666.7,671,653.4,665.2,0.48,0.41,"39,19,187"
2021-02-24T18:30:00.000Z,669.4,711.35,667.15,704.3,5.88,5.8,"1,85,96,690"
2021-02-25T18:30:00.000Z,697.1,703.45,668,675.9,-4.03,-4.11,"1,99,09,990"
2021-02-28T18:30:00.000Z,684.6,704.65,673.3,692.9,2.52,2.44,"1,16,00,468"
2021-03-01T18:30:00.000Z,697.6,724.7,696,720.5,3.98,3.91,"1,14,86,477"
2021-03-02T18:30:00.000Z,732,754.95,723.4,729.85,1.3,1.22,"1,99,61,472"
2021-03-03T18:30:00.000Z,733.25,765.7,715.85,752.45,3.1,3.02,"3,06,07,959"
2021-03-04T18:30:00.000Z,752.45,761,730.5,748.95,-0.47,-0.54,"1,76,65,200"
2021-03-07T18:30:00.000Z,762.7,767.8,744.2,748.4,-0.07,-0.15,"1,52,86,852"
2021-03-08T18:30:00.000Z,755.55,759.4,738.65,750.75,0.31,0.24,"85,48,163"
2021-03-09T18:30:00.000Z,757.5,759.1,743,745.35,-0.72,-0.79,"52,35,249"
2021-03-11T18:30:00.000Z,749,752.1,723,728.15,-2.31,-2.38,"1,09,61,076"
2021-03-14T18:30:00.000Z,727.8,727.8,706.05,719.05,-1.25,-1.32,"1,34,03,595"
2021-03-15T18:30:00.000Z,731.4,735.7,714.25,717.35,-0.24,-0.31,"1,49,79,009"
2021-03-16T18:30:00.000Z,715,716.95,683.8,688.25,-4.06,-4.13,"81,51,544"
2021-03-17T18:30:00.000Z,695,705.5,675.4,679.65,-1.25,-1.32,"1,09,25,357"
2021-03-18T18:30:00.000Z,677.4,691.5,657.1,686.25,0.97,0.9,"1,03,73,422"
2021-03-21T18:30:00.000Z,686,726.25,681,721.9,5.19,5.12,"2,28,64,950"
2021-03-22T18:30:00.000Z,730.25,755,727.1,738.55,2.31,2.23,"3,06,12,174"
2021-03-23T18:30:00.000Z,741,750.5,697.65,706.85,-4.29,-4.37,"2,12,13,413"
2021-03-24T18:30:00.000Z,711,712.35,683.15,688.25,-2.63,-2.7,"1,68,60,086"
2021-03-25T18:30:00.000Z,698,710.7,692.6,703.05,2.15,2.08,"1,23,50,673"
2021-03-29T18:30:00.000Z,703.05,718,697.3,710.55,1.07,0.99,"91,09,505"
2021-03-30T18:30:00.000Z,705,719.9,698.6,702.4,-1.15,-1.22,"77,52,226"
2021-03-31T18:30:00.000Z,713.5,742,705,736.25,4.82,4.75,"1,50,17,049"
2021-04-04T18:30:00.000Z,731.75,745,715,742.25,0.81,0.74,"1,56,22,924"
2021-04-05T18:30:00.000Z,756,852.7,743,835.55,12.57,12.5,"6,45,55,516"
2021-04-06T18:30:00.000Z,857,885,795,814.75,-2.49,-2.56,"9,77,17,880"
2021-04-07T18:30:00.000Z,818,838,806,823,1.01,0.94,"3,40,25,873"
2021-04-08T18:30:00.000Z,824.75,837,817.05,823.6,0.07,0,"2,18,04,785"
2021-04-11T18:30:00.000Z,809.9,809.9,735,744.65,-9.59,-9.66,"2,81,12,240"
2021-04-12T18:30:00.000Z,750,755.75,701.35,731.05,-1.83,-1.9,"5,28,12,517"
2021-04-14T18:30:00.000Z,735.9,754.5,725,750.35,2.64,2.57,"2,61,08,614"
2021-04-15T18:30:00.000Z,750.9,794.85,743,755.5,0.69,0.61,"4,17,91,181"
2021-04-18T18:30:00.000Z,715,730.9,707.45,720.95,-4.57,-4.65,"2,29,35,238"
2021-04-19T18:30:00.000Z,744.7,745.9,710,720.45,-0.07,-0.14,"2,13,15,167"
2021-04-21T18:30:00.000Z,689.5,744.9,689.5,737.8,2.41,2.33,"2,68,40,536"
2021-04-22T18:30:00.000Z,736.45,746.9,720.1,725.35,-1.69,-1.76,"1,84,35,449"
2021-04-25T18:30:00.000Z,733,739.65,728.9,730.75,0.74,0.67,"93,90,549"
2021-04-26T18:30:00.000Z,735,757.5,727.35,749.15,2.52,2.44,"2,05,73,107"
2021-04-27T18:30:00.000Z,755,760,741.1,746.25,-0.39,-0.46,"1,11,56,977"
2021-04-28T18:30:00.000Z,753.2,765.85,743.4,746.75,0.07,-0.01,"1,38,51,910"
2021-04-29T18:30:00.000Z,739,759.45,724.5,730.05,-2.24,-2.31,"1,26,00,934"
2021-05-02T18:30:00.000Z,727.65,764,713.75,761.4,4.29,4.22,"2,59,53,577"
2021-05-03T18:30:00.000Z,779.85,782,760.05,768.75,0.97,0.89,"3,14,00,296"
2021-05-04T18:30:00.000Z,772,774.8,732.7,738.1,-3.99,-4.06,"2,94,26,971"
2021-05-05T18:30:00.000Z,745,753.7,735.6,740.8,0.37,0.29,"1,19,26,793"
2021-05-06T18:30:00.000Z,747.7,778,745.25,767.75,3.64,3.56,"2,07,82,117"
2021-05-09T18:30:00.000Z,774.4,779.5,762.45,765.45,-0.3,-0.37,"92,01,326"
2021-05-10T18:30:00.000Z,751,789.7,750.35,762.65,-0.37,-0.44,"1,29,78,165"
2021-05-11T18:30:00.000Z,763,772.8,747.7,751.6,-1.45,-1.52,"1,06,15,003"
2021-05-13T18:30:00.000Z,757.9,758.65,727.5,733.55,-2.4,-2.47,"1,08,76,267"
2021-05-16T18:30:00.000Z,740,760,737,754.2,2.82,2.74,"1,22,71,212"
2021-05-17T18:30:00.000Z,765,780,757.1,775.9,2.88,2.8,"98,77,934"
2021-05-18T18:30:00.000Z,784,791.9,769.3,772.4,-0.45,-0.52,"1,56,66,729"
2021-05-19T18:30:00.000Z,776.5,779.5,761.05,765.7,-0.87,-0.94,"69,64,023"
2021-05-20T18:30:00.000Z,772,775.25,766.65,769.2,0.46,0.38,"52,74,817"
2021-05-23T18:30:00.000Z,769.7,779.9,746.6,766.55,-0.34,-0.42,"83,54,397"
2021-05-24T18:30:00.000Z,773,776.7,759,764,-0.33,-0.41,"47,30,725"
2021-05-25T18:30:00.000Z,767.85,769.9,757,758.3,-0.75,-0.82,"73,75,242"
2021-05-26T18:30:00.000Z,758.3,765,749.45,751.4,-0.91,-0.98,"79,09,776"
2021-05-27T18:30:00.000Z,755,784.9,754,776.15,3.29,3.22,"1,36,23,565"
2021-05-30T18:30:00.000Z,779.95,779.95,761.7,769.55,-0.85,-0.92,"78,20,165"
2021-05-31T18:30:00.000Z,773.1,801.8,764.3,798.2,3.72,3.65,"1,78,47,137"
2021-06-01T18:30:00.000Z,802.95,824,802.95,811.5,1.67,1.59,"2,77,48,928"
2021-06-02T18:30:00.000Z,818.85,849,810.7,825.3,1.7,1.63,"2,41,05,079"
2021-06-03T18:30:00.000Z,830.8,841.95,823,833.85,1.04,0.96,"1,44,57,348"
2021-06-06T18:30:00.000Z,837.4,898.8,835.65,878.6,5.37,5.29,"3,36,84,310"
2021-06-07T18:30:00.000Z,883.4,887.8,859.15,874.2,-0.5,-0.57,"1,64,22,574"
2021-06-08T18:30:00.000Z,879.25,901,831.3,852.6,-2.47,-2.54,"3,12,25,441"
2021-06-09T18:30:00.000Z,858.55,863.95,843.3,846.75,-0.69,-0.76,"1,17,44,190"
2021-06-10T18:30:00.000Z,852,856.4,820.7,839.75,-0.83,-0.9,"1,74,60,610"
2021-06-13T18:30:00.000Z,755.8,783.7,681.1,768.45,-8.49,-8.56,"8,97,71,631"
2021-06-14T18:30:00.000Z,802.9,802.9,755,761.85,-0.86,-0.93,"4,54,08,426"
2021-06-15T18:30:00.000Z,755,755,697.8,706.7,-7.24,-7.31,"2,94,40,056"
2021-06-16T18:30:00.000Z,683,704.65,638.35,646.9,-8.46,-8.54,"7,08,12,142"
2021-06-17T18:30:00.000Z,643.2,704.6,638.1,694.35,7.33,7.26,"7,62,66,975"
2021-06-20T18:30:00.000Z,692,744.65,685.1,731.05,5.29,5.21,"5,17,59,617"
2021-06-21T18:30:00.000Z,740,761.65,738,742.9,1.62,1.55,"3,55,97,113"
2021-06-22T18:30:00.000Z,749,757,715.5,718.7,-3.26,-3.33,"3,11,68,761"
2021-06-23T18:30:00.000Z,724,725,701.7,709.9,-1.22,-1.3,"2,15,03,302"
2021-06-24T18:30:00.000Z,715,719,706.5,712.2,0.32,0.25,"1,20,85,421"
2021-06-27T18:30:00.000Z,719,729.95,713,716.25,0.57,0.5,"1,41,39,292"
2021-06-28T18:30:00.000Z,717.5,723,709,711,-0.73,-0.81,"93,03,151"
2021-06-29T18:30:00.000Z,717.6,717.6,702.1,703.7,-1.03,-1.1,"91,00,756"
2021-06-30T18:30:00.000Z,706,711.85,700,703.1,-0.09,-0.16,"80,35,542"
2021-07-01T18:30:00.000Z,705,724.3,705,710.4,1.04,0.96,"1,76,76,086"
2021-07-04T18:30:00.000Z,717,721,703,710.05,-0.05,-0.12,"1,11,05,134"
2021-07-05T18:30:00.000Z,712,731.95,707.1,712.7,0.37,0.3,"1,45,80,124"
2021-07-06T18:30:00.000Z,716.9,723,706,720.1,1.04,0.96,"87,19,991"
2021-07-07T18:30:00.000Z,724,728,709.1,711.7,-1.17,-1.24,"78,04,439"
2021-07-08T18:30:00.000Z,712.5,737,708.35,728.5,2.36,2.29,"1,49,24,156"
2021-07-11T18:30:00.000Z,734.4,735.65,715.05,718.05,-1.43,-1.51,"86,64,504"
2021-07-12T18:30:00.000Z,720,720.9,702,704,-1.96,-2.03,"1,22,87,372"
2021-07-13T18:30:00.000Z,709.4,711.5,695.35,697.25,-0.96,-1.03,"1,38,12,481"
2021-07-14T18:30:00.000Z,699.7,706.4,695.5,699.1,0.27,0.19,"74,90,612"
2021-07-15T18:30:00.000Z,699.7,702.9,685.25,687.6,-1.64,-1.72,"69,41,246"
2021-07-18T18:30:00.000Z,686,693,661.4,673.7,-2.02,-2.09,"1,36,18,862"
2021-07-19T18:30:00.000Z,661,680.85,660,672.6,-0.16,-0.24,"1,15,33,588"
2021-07-21T18:30:00.000Z,678,695,666.7,691.8,2.85,2.78,"97,40,403"
2021-07-22T18:30:00.000Z,700,700,677.2,680.05,-1.7,-1.77,"86,82,097"
2021-07-25T18:30:00.000Z,680,690.95,674.45,682.8,0.4,0.33,"53,39,116"
2021-07-26T18:30:00.000Z,682.8,686.3,660.35,663.2,-2.87,-2.94,"71,33,113"
2021-07-27T18:30:00.000Z,668.4,676.75,654.2,665.4,0.33,0.26,"1,11,32,158"
2021-07-28T18:30:00.000Z,671,671,657.95,659.65,-0.86,-0.94,"45,72,153"
2021-07-29T18:30:00.000Z,661.25,687.8,659.5,674.5,2.25,2.18,"1,34,40,904"
2021-08-01T18:30:00.000Z,682,695,678,692,2.59,2.52,"89,25,708"
2021-08-02T18:30:00.000Z,698,714.95,695.25,705.05,1.89,1.81,"1,84,29,941"
2021-08-03T18:30:00.000Z,718,718,692,694.7,-1.47,-1.54,"1,40,45,587"
2021-08-04T18:30:00.000Z,695,700.5,684,693.55,-0.17,-0.24,"58,51,411"
2021-08-05T18:30:00.000Z,692.95,719.9,691.45,710.7,2.47,2.4,"1,75,04,802"
2021-08-08T18:30:00.000Z,714,717,694.1,699.9,-1.52,-1.59,"75,21,213"
2021-08-09T18:30:00.000Z,701.7,706.75,683.25,693,-0.99,-1.06,"59,37,282"
2021-08-10T18:30:00.000Z,693.4,705,684.55,699.15,0.89,0.81,"62,97,975"
2021-08-11T18:30:00.000Z,701,710.4,700,704.05,0.7,0.63,"50,68,665"
2021-08-12T18:30:00.000Z,704.45,709.5,699.05,704.15,0.01,-0.06,"33,90,071"
2021-08-15T18:30:00.000Z,704,716.45,702,706.9,0.39,0.32,"63,85,995"
2021-08-16T18:30:00.000Z,705.8,714.9,686.05,692.65,-2.02,-2.09,"72,62,774"
2021-08-17T18:30:00.000Z,696.45,708.3,688.7,705.4,1.84,1.77,"73,54,758"
2021-08-19T18:30:00.000Z,690,706.4,680.8,687.2,-2.58,-2.65,"62,74,741"
2021-08-22T18:30:00.000Z,691.8,691.8,665,668.3,-2.75,-2.82,"66,36,881"
2021-08-23T18:30:00.000Z,673,702,668.5,695.4,4.06,3.98,"76,40,710"
2021-08-24T18:30:00.000Z,698.5,725,695.4,720.75,3.65,3.57,"2,12,75,432"
2021-08-25T18:30:00.000Z,725,733,717.7,721.7,0.13,0.06,"1,49,69,643"
2021-08-26T18:30:00.000Z,724,731.95,722.25,727,0.73,0.66,"67,51,256"
2021-08-29T18:30:00.000Z,730.6,735.4,727.1,730,0.41,0.34,"47,57,858"
2021-08-30T18:30:00.000Z,732.3,754,728.1,748.3,2.51,2.43,"1,54,19,587"
2021-08-31T18:30:00.000Z,750.05,751.85,737.6,744.75,-0.47,-0.55,"53,20,381"
2021-09-01T18:30:00.000Z,745,760.65,744,753.85,1.22,1.15,"57,88,915"
2021-09-02T18:30:00.000Z,755.95,762,745.3,754.9,0.14,0.07,"44,91,254"
2021-09-05T18:30:00.000Z,758.4,765,747.25,751.2,-0.49,-0.56,"52,60,360"
2021-09-06T18:30:00.000Z,753.9,755.15,741.65,745.5,-0.76,-0.83,"35,15,903"
2021-09-07T18:30:00.000Z,748.8,753,738.25,746.85,0.18,0.11,"40,36,193"
2021-09-08T18:30:00.000Z,745.1,751,742,749.7,0.38,0.31,"28,29,060"
2021-09-12T18:30:00.000Z,748,752.65,740.5,745.1,-0.61,-0.69,"25,14,604"
2021-09-13T18:30:00.000Z,747.8,762.75,745.45,755.4,1.38,1.31,"56,15,411"
2021-09-14T18:30:00.000Z,758.55,769.8,753.6,765.95,1.4,1.32,"70,39,338"
2021-09-15T18:30:00.000Z,769,772.75,760,769.65,0.48,0.41,"46,25,316"
2021-09-16T18:30:00.000Z,773.3,786,760,767.1,-0.33,-0.4,"97,01,785"
2021-09-19T18:30:00.000Z,759.8,776,746.1,748.9,-2.37,-2.45,"55,70,433"
2021-09-20T18:30:00.000Z,754,758.8,734.05,749.6,0.09,0.02,"77,66,479"
2021-09-21T18:30:00.000Z,750,759.6,742,745.3,-0.57,-0.65,"43,43,365"
2021-09-22T18:30:00.000Z,754.4,760,750.55,754.5,1.23,1.16,"35,26,253"
2021-09-23T18:30:00.000Z,756,764.9,743,744.8,-1.29,-1.36,"44,45,517"
2021-09-26T18:30:00.000Z,749.7,753.8,736.4,750.25,0.73,0.66,"38,03,939"
2021-09-27T18:30:00.000Z,754,756.9,733,738.7,-1.54,-1.61,"37,48,173"
2021-09-28T18:30:00.000Z,737.65,747.85,736,742,0.45,0.37,"27,34,053"
2021-09-29T18:30:00.000Z,745.8,756.5,736,737.9,-0.55,-0.63,"43,56,469"
2021-09-30T18:30:00.000Z,735.85,738.25,722,734.95,-0.4,-0.47,"40,08,108"
2021-10-03T18:30:00.000Z,738.85,747.5,736.05,744.2,1.26,1.19,"34,14,151"
2021-10-04T18:30:00.000Z,744.15,753.8,742,743.95,-0.03,-0.11,"32,70,764"
2021-10-05T18:30:00.000Z,747.7,749,721.85,724,-2.68,-2.76,"36,15,568"
2021-10-06T18:30:00.000Z,730,738.8,726.55,736.15,1.68,1.6,"32,37,419"
2021-10-07T18:30:00.000Z,739.7,747,733.5,739.9,0.51,0.44,"28,78,232"
2021-10-10T18:30:00.000Z,743.9,746,736.5,737.45,-0.33,-0.4,"21,18,247"
2021-10-11T18:30:00.000Z,737.65,740.95,728.85,736.9,-0.07,-0.15,"21,52,513"
2021-10-12T18:30:00.000Z,740.6,764.6,739.1,759,3,2.93,"90,83,125"
2021-10-13T18:30:00.000Z,766.1,817.7,764.25,812.8,7.09,7.01,"1,97,54,735"
2021-10-17T18:30:00.000Z,820.9,829.9,807,810.55,-0.28,-0.35,"88,83,845"
2021-10-18T18:30:00.000Z,815,820,785,792.25,-2.26,-2.33,"55,43,852"
2021-10-19T18:30:00.000Z,792,802.9,777.5,794.9,0.33,0.26,"54,67,049"
2021-10-20T18:30:00.000Z,799,802.9,775.3,779.35,-1.96,-2.03,"46,07,499"
2021-10-21T18:30:00.000Z,780.3,787.3,753.9,761.8,-2.25,-2.33,"38,60,760"
2021-10-24T18:30:00.000Z,765,765.55,738.55,752.05,-1.28,-1.35,"29,73,109"
2021-10-25T18:30:00.000Z,752,758.55,740.05,749.9,-0.29,-0.36,"30,93,933"
2021-10-26T18:30:00.000Z,753.65,756.55,743.65,745.85,-0.54,-0.61,"32,46,881"
2021-10-27T18:30:00.000Z,724.35,734.5,681.15,688.1,-7.74,-7.82,"1,81,60,551"
2021-10-28T18:30:00.000Z,697,709.6,687,693,0.71,0.64,"76,12,968"
2021-10-31T18:30:00.000Z,705,707,690,704.4,1.65,1.57,"32,33,662"
2021-11-01T18:30:00.000Z,707,715,700.65,702.35,-0.29,-0.36,"30,28,354"
2021-11-02T18:30:00.000Z,702,719.8,702,709.2,0.98,0.9,"30,36,191"
2021-11-03T18:30:00.000Z,713,716.45,713,713.7,0.63,0.56,"4,53,287"
2021-11-07T18:30:00.000Z,717,735.1,709.1,730.45,2.35,2.27,"32,27,351"
2021-11-08T18:30:00.000Z,731,744.5,727.8,737.35,0.94,0.87,"34,56,614"
2021-11-09T18:30:00.000Z,736.4,745.05,730.1,737.9,0.07,0,"27,51,881"
2021-11-10T18:30:00.000Z,734.95,741.55,728.5,735.1,-0.38,-0.45,"23,25,810"
2021-11-11T18:30:00.000Z,737.7,755.5,734.25,750.3,2.07,1.99,"45,85,484"
2021-11-14T18:30:00.000Z,753.9,756.5,740.55,749.8,-0.07,-0.14,"24,34,426"
2021-11-15T18:30:00.000Z,752.7,761.7,743.45,746.45,-0.45,-0.52,"33,78,779"
2021-11-16T18:30:00.000Z,744.4,745,733,735.55,-1.46,-1.53,"24,44,025"
2021-11-17T18:30:00.000Z,739.45,741.3,716.15,726.05,-1.29,-1.36,"22,02,581"
2021-11-21T18:30:00.000Z,725,733.4,704,715,-1.52,-1.6,"35,57,560"
2021-11-22T18:30:00.000Z,714,733.6,705.2,729.25,1.99,1.92,"34,87,221"
2021-11-23T18:30:00.000Z,735.65,772.35,732,763.05,4.63,4.56,"1,16,47,665"
2021-11-24T18:30:00.000Z,764.8,774.3,755.5,762.45,-0.08,-0.15,"61,40,941"
2021-11-25T18:30:00.000Z,750,766,713.25,717.15,-5.94,-6.01,"72,19,931"
2021-11-28T18:30:00.000Z,707,715,682.65,702.6,-2.03,-2.1,"59,30,351"
2021-11-29T18:30:00.000Z,704,712.65,679.7,683.85,-2.67,-2.74,"61,90,734"
2021-11-30T18:30:00.000Z,695,711.05,682.75,707.95,3.52,3.45,"55,82,125"
2021-12-01T18:30:00.000Z,710,742.3,702.3,739.1,4.4,4.33,"84,78,638"
2021-12-02T18:30:00.000Z,739,746.5,734,737.45,-0.22,-0.3,"55,78,503"
2021-12-05T18:30:00.000Z,739,744.5,721.5,723.45,-1.9,-1.97,"35,37,411"
2021-12-06T18:30:00.000Z,729,749.95,725.8,744.7,2.94,2.86,"39,93,342"
2021-12-07T18:30:00.000Z,751.2,764.4,748.2,761.4,2.24,2.17,"46,21,331"
2021-12-08T18:30:00.000Z,766.7,775.8,760,769.75,1.1,1.02,"46,87,479"
2021-12-09T18:30:00.000Z,768.85,794.95,763,767.7,-0.27,-0.34,"1,00,49,545"
2021-12-12T18:30:00.000Z,775,778.8,750.1,758.45,-1.2,-1.28,"49,85,928"
2021-12-13T18:30:00.000Z,755.9,766,750.5,763.7,0.69,0.62,"29,19,015"
2021-12-14T18:30:00.000Z,763.7,766.65,742.95,745.5,-2.38,-2.46,"46,73,906"
2021-12-15T18:30:00.000Z,752,756.45,739.35,745.15,-0.05,-0.12,"33,03,620"
2021-12-16T18:30:00.000Z,744.5,744.5,721.2,723.95,-2.85,-2.92,"49,73,404"
2021-12-19T18:30:00.000Z,717,717,685.5,701.7,-3.07,-3.15,"45,59,002"
2021-12-20T18:30:00.000Z,710,728,701.7,725.6,3.41,3.33,"69,43,546"
2021-12-21T18:30:00.000Z,727,729.9,717.25,722.85,-0.38,-0.45,"36,26,585"
2021-12-22T18:30:00.000Z,732.8,747.5,728.85,731.3,1.17,1.1,"66,41,505"
2021-12-23T18:30:00.000Z,732.5,734.9,713.4,722.4,-1.22,-1.29,"39,46,754"
2021-12-26T18:30:00.000Z,717,726.4,713,723.2,0.11,0.04,"26,63,285"
2021-12-27T18:30:00.000Z,727.1,738.9,725.2,729.25,0.84,0.76,"36,04,123"
2021-12-28T18:30:00.000Z,729,734.2,720.1,722.75,-0.89,-0.96,"23,96,416"
2021-12-29T18:30:00.000Z,722.9,726,716.45,724.25,0.21,0.13,"36,54,532"
2021-12-30T18:30:00.000Z,725,735,725,730.3,0.84,0.76,"25,38,092"